"year","mmsacode","State","868_1","868_2","880_1","880_2","1100_1","1100_2","1100_3","1100_4","1100_5","1363_1","1363_2","1363_3","1363_4","4000_1","4000_2","4001_1","4001_2","4347_1","4347_2","4394_1","4394_2","4394_3","4394_4","4396_1","4396_2","4407_1","4407_2","4408_1","4408_2","4409_1","4409_2","4409_3","4411_1","4411_2","4413_1","4413_2","4414_1","4414_2","4416_1","4416_2","4417_1","4417_2","4421_1","4421_2","4423_1","4423_2","4424_1","4424_2","4425_1","4425_2","4426_1","4426_2","4427_1","4427_2","5001_1","5001_2","5011_1","5011_2","5021_1","5021_2","6606_1","6606_2","6607_1","6607_2","6610_1","6610_2","7307_1","7307_2"
"2010","1","10420","85","15","82.2","17.8","17.9","37.9","29.6","11.1","3.5","10.8","0.9","86.2","2.1","22.2","77.8","10","90","77.4","22.6","19.5","6","25.8","48.7","25.5","74.5","60.6","39.4","68","32","38.2","32.5","29.3","59.7","40.3","6.5","93.5","85.5","14.5","9.1","90.9","12.3","87.7","74.1","25.9","49.7","50.3","20","80","66.1","33.9","79.5","20.5","80","20","3.7","96.3","4.6","95.4","2.6","97.4","22.1","77.9","46.9","53.1","75.6","24.4","20.4","79.6"
"2010","2","10740","85.2","14.8","82.6","17.4","25.8","30","27.8","12","4.3","7.1","0.8","91.2","0.9","22.8","77.2","9.3","90.7","82","18","11.3","8.1","24.5","56.2","19.4","80.6","74","26","72.8","27.2","43.3","34.9","21.7","53.3","46.7","4.1","95.9","83.6","16.4","9.5","90.5","14.4","85.6","75.2","24.8","54.6","45.4","18.8","81.2","65.7","34.3","83.6","16.4","79.4","20.6","3.4","96.6","3.8","96.2","2.2","97.8","14.9","85.1","39","61","70.4","29.6","10","90"
"2010","123","10900","90.5","9.5","88.7","11.3","23.2","32.9","29.8","11","3.2","8.9","0.7","88.8","1.6","17.7","82.3","6.2","93.8","73.9","26.1","13.4","3.3","26.7","56.6","16.8","83.2","70.9","29.1","70.6","29.4","37.5","33.5","29","60.9","39.1","4.4","95.6","85.8","14.2","10","90","15.4","84.6","71.1","28.9","54.6","45.4","16.3","83.7","65.7","34.3","83.1","16.9","73.3","26.7","4.3","95.7","3","97","2.7","97.3","16.5","83.5","45.5","54.5","73.9","26.1","13.7","86.3"
"2010","270","11100","82.7","17.3","79.6","20.4","18.2","29.9","35.1","11","5.8","9.8","0.9","88.5","0.8","20.5","79.5","6.7","93.3","75.9","24.1","16.4","4.9","21.3","57.3","21.3","78.7","75.5","24.5","76.7","23.3","35","36.3","28.7","49.8","50.2","4.2","95.8","83.2","16.8","10","90","15.5","84.5","71.3","28.7","62.9","37.1","12.7","87.3","65.8","34.2","78.4","21.6","75.4","24.6","5.1","94.9","5.1","94.9","2.1","97.9","12.8","87.2","43.5","56.5","64.2","35.8","14.7","85.3"
"2010","185","11580","64.7","35.3","0","0","14.7","29.3","30","20.8","5.2","11.2","1.1","87","0.7","22.5","77.5","8.3","91.7","64.9","35.1","15.5","8.8","26.5","49.2","24.3","75.7","67.4","32.6","76.1","23.9","32.2","33.7","34.1","35.3","64.7","6.7","93.3","74","26","12.4","87.6","17.1","82.9","74.9","25.1","0","0","24.5","75.5","61.6","38.4","75.9","24.1","79.3","20.7","8","92","7.2","92.8","4","96","18.4","81.6","63.1","36.9","47.1","52.9","11.5","88.5"
"2010","4","11700","81.9","18.1","77.1","22.9","22.7","33.2","27.6","10.9","5.5","9.8","0.2","88.6","1.5","27.6","72.4","10.4","89.6","77.8","22.2","15.5","1.9","32","50.7","17.4","82.6","74.6","25.4","74.5","25.5","37.3","35.2","27.5","45.5","54.5","3.7","96.3","83.6","16.4","10.7","89.3","14","86","79.6","20.4","61.9","38.1","22.1","77.9","68.1","31.9","82.1","17.9","80.2","19.8","6.2","93.8","5.8","94.2","4","96","19.8","80.2","48.4","51.6","68.5","31.5","11.2","88.8"
"2010","5","12060","84.7","15.3","82.8","17.2","21.7","38.9","26.6","9.5","3.4","8.7","1","89.1","1.2","16.7","83.3","6.5","93.5","77.9","22.1","10.6","4.3","21.8","63.3","14.9","85.1","58.3","41.7","60.4","39.6","37.4","33.9","28.7","53.1","46.9","4.1","95.9","87.1","12.9","8.9","91.1","13","87","78.2","21.8","59.1","40.9","23.3","76.7","69.2","30.8","87.3","12.7","82.9","17.1","2.7","97.3","2.6","97.4","2.1","97.9","19.6","80.4","41.3","58.7","70.6","29.4","12.4","87.6"
"2010","150","12100","87.6","12.4","85.6","14.4","21","28.5","30.4","14.9","5.2","9","0.6","88.9","1.5","18.1","81.9","7.6","92.4","72.2","27.8","13.9","5.5","27.7","53","19.4","80.6","65.1","34.9","59.3","40.7","30.7","42.5","26.8","52.6","47.4","5.4","94.6","79.9","20.1","8.3","91.7","13.3","86.7","79.2","20.8","57.4","42.6","17.6","82.4","61.9","38.1","80.4","19.6","79.3","20.7","4.9","95.1","5.6","94.4","3.8","96.2","17.5","82.5","52.7","47.3","71.4","28.6","15.1","84.9"
"2010","99","12260","84.6","15.4","81.7","18.3","20.2","32.4","30.8","11.1","5.5","9.1","0.7","89.5","0.7","19.6","80.4","8.3","91.7","74.1","25.9","12.5","7.3","24.8","55.4","19.8","80.2","60.6","39.4","68","32","31.1","36.8","32.1","39.7","60.3","3.3","96.7","83.5","16.5","9.4","90.6","12.8","87.2","81.4","18.6","66.1","33.9","15.9","84.1","64.4","35.6","80.4","19.6","83.5","16.5","4.8","95.2","3.5","96.5","4.2","95.8","23.5","76.5","47.4","52.6","67.9","32.1","12.3","87.7"
"2010","186","12300","88.6","11.4","86.1","13.9","23.5","34.7","28.5","8.4","4.9","7.7","1.8","89.8","0.7","23.1","76.9","6.4","93.6","77.7","22.3","15.7","5","27","52.3","20.7","79.3","70.4","29.6","71.8","28.2","37.1","33.4","29.4","58","42","6.4","93.6","86.7","13.3","11.9","88.1","19.8","80.2","84.1","15.9","55.9","44.1","15.6","84.4","77.1","22.9","86.5","13.5","86.3","13.7","6.1","93.9","5.2","94.8","2.8","97.2","18.5","81.5","50.1","49.9","65.9","34.1","15.8","84.2"
"2010","124","12420","88","12","86.5","13.5","21.7","38.7","25.8","11.1","2.7","5.7","0.7","91.8","1.7","17.3","82.7","4.7","95.3","80.7","19.3","7","3.4","21.8","67.8","10.4","89.6","71.1","28.9","0","0","35.9","37.1","27","64","36","5","95","86.2","13.8","7","93","9.6","90.4","75","25","0","0","14.8","85.2","71.4","28.6","86.5","13.5","78.2","21.8","3","97","2.8","97.2","1.8","98.2","10.5","89.5","39","61","69","31","18.4","81.6"
"2010","6","12580","89.6","10.4","87.7","12.3","22.1","34.4","29.8","10.5","3.2","9.9","1","88.1","1","20.1","79.9","8","92","76","24","11.4","6","25.1","57.6","17.3","82.7","67.5","32.5","65.8","34.2","33.5","38.4","28","55.9","44.1","4.8","95.2","86.3","13.7","8.9","91.1","12.3","87.7","81.5","18.5","56.9","43.1","19.9","80.1","70.6","29.4","87.2","12.8","84.1","15.9","4.3","95.7","3.8","96.2","2.6","97.4","12.8","87.2","41.5","58.5","74.6","25.4","16.3","83.7"
"2010","187","12620","89.8","10.2","88.2","11.8","17.4","35.3","31.1","12","4.2","11.1","1.3","85.9","1.8","25.9","74.1","9","91","75.9","24.1","11","4.4","30","54.6","15.4","84.6","73","27","77.9","22.1","31.1","35.4","33.5","50","50","4.9","95.1","83.7","16.3","11.2","88.8","16.8","83.2","86.2","13.8","48.8","51.2","19.5","80.5","73.1","26.9","82.9","17.1","88.2","11.8","4.9","95.1","4.1","95.9","2.7","97.3","27.8","72.2","53.4","46.6","67.6","32.4","14.6","85.4"
"2010","125","12740","92","8","90.6","9.4","31.2","38","21.3","6.7","2.8","6.2","0.7","91.6","1.4","20.5","79.5","7.5","92.5","83.9","16.1","8.6","5.7","31.7","54.1","14.3","85.7","77.1","22.9","71.9","28.1","41.2","36.9","21.8","68.9","31.1","7.3","92.7","90.5","9.5","7.3","92.7","12.6","87.4","81.3","18.7","46","54","8.5","91.5","78.4","21.6","84.7","15.3","85.1","14.9","2.5","97.5","3.5","96.5","2","98","20.4","79.6","42","58","80.7","19.3","18.3","81.7"
"2010","7","12940","83.9","16.1","81.6","18.4","20.3","35.5","26.3","14.2","3.7","10.1","0.5","87.7","1.6","18.2","81.8","7.1","92.9","74.3","25.7","10","5.9","23.1","61","15.9","84.1","64.1","35.9","68.6","31.4","35.4","32.2","32.5","53.8","46.2","4.9","95.1","82.1","17.9","4.9","95.1","9.5","90.5","82.5","17.5","58.8","41.2","18.9","81.1","65.6","34.4","86.1","13.9","82.7","17.3","4.4","95.6","4.4","95.6","2.3","97.7","25.1","74.9","45.4","54.6","68.7","31.3","15.5","84.5"
"2010","8","13644","89.8","10.2","87.9","12.1","25.5","37.4","28.1","7.5","1.5","6","1.3","91.2","1.4","14.3","85.7","5","95","82.7","17.3","5.6","2.7","24","67.6","8.4","91.6","75.9","24.1","71.2","28.8","42.8","37.3","19.9","59.8","40.2","5.2","94.8","91.1","8.9","6.4","93.6","11","89","80.9","19.1","61","39","25.6","74.4","75.6","24.4","85.1","14.9","84.9","15.1","2.6","97.4","3.5","96.5","2.3","97.7","5.2","94.8","35.1","64.9","81.6","18.4","14","86"
"2010","126","13740","85.8","14.2","82.5","17.5","19.7","35.1","31.1","11","3.1","7.1","0.9","90.5","1.5","24.7","75.3","6.2","93.8","76","24","13.6","2.5","31.7","52.3","16","84","70","30","75.8","24.2","35.4","37.4","27.2","56.5","43.5","4.1","95.9","85.9","14.1","10.4","89.6","12.7","87.3","70.9","29.1","45.9","54.1","15","85","67.3","32.7","81.4","18.6","71.7","28.3","5","95","4.4","95.6","3.1","96.9","13.4","86.6","43.1","56.9","66.3","33.7","14.8","85.2"
"2010","9","13820","82.2","17.8","78.4","21.6","18.7","31.6","32","12.4","5.3","12.4","0.4","86","1.1","21.4","78.6","9.1","90.9","70.8","29.2","14.7","6.5","21.8","57","21.2","78.8","64","36","65.3","34.7","33.7","37","29.3","43","57","6.2","93.8","82.3","17.7","8.3","91.7","11.5","88.5","77.2","22.8","58.9","41.1","15.6","84.4","66.3","33.7","84.5","15.5","80.2","19.8","5","95","4.3","95.7","3.8","96.2","24.9","75.1","49.7","50.3","66.4","33.6","12.9","87.1"
"2010","152","13900","92.5","7.5","90.8","9.2","17.8","37.8","32.5","9.3","2.6","6","0.3","93.1","0.6","18.4","81.6","5.3","94.7","80.6","19.4","8.8","5.1","27.7","58.4","13.9","86.1","66.2","33.8","71.5","28.5","39.4","36.1","24.5","60.2","39.8","3.5","96.5","88.1","11.9","6.3","93.7","9.7","90.3","74.7","25.3","53.7","46.3","14.2","85.8","64.9","35.1","82.2","17.8","78.8","21.2","3.4","96.6","4.2","95.8","2.4","97.6","21.7","78.3","42.7","57.3","73.2","26.8","18.1","81.9"
"2010","10","14260","80.8","19.2","77.3","22.7","22.8","34.6","27.3","10.7","4.6","7.4","1.3","90.7","0.7","23.3","76.7","7.3","92.7","83.4","16.6","11.3","3.9","23.4","61.4","15.2","84.8","61.6","38.4","70.2","29.8","38","36.6","25.3","47.9","52.1","3.5","96.5","84.7","15.3","10.8","89.2","15.4","84.6","67.8","32.2","50.5","49.5","13.9","86.1","62.2","37.8","77.1","22.9","71.7","28.3","3.7","96.3","3","97","2","98","9.3","90.7","38.6","61.4","70.1","29.9","12.4","87.6"
"2010","11","14484","95.1","4.9","94.6","5.4","29.2","32.5","27.8","7.5","3","7.8","0.8","90.3","1.2","15.9","84.1","6.8","93.2","78.5","21.5","8.9","5.4","25.7","60","14.4","85.6","72.3","27.7","65.8","34.2","43.2","34.8","22","64.9","35.1","7.4","92.6","89.5","10.5","9.6","90.4","14.2","85.8","85.9","14.1","57.5","42.5","15.4","84.6","76.9","23.1","89.4","10.6","88.1","11.9","3.8","96.2","3.5","96.5","1.9","98.1","14.9","85.1","38.3","61.7","81.7","18.3","20.1","79.9"
"2010","100","14740","88.4","11.6","86.3","13.7","23.9","37.3","27.6","7.8","3.4","6.7","1","90.8","1.5","28.8","71.2","7.9","92.1","84.7","15.3","11.7","5.3","28.3","54.7","17","83","63.8","36.2","67.2","32.8","34.9","36.3","28.8","62.2","37.8","5.8","94.2","88.8","11.2","12.2","87.8","17.3","82.7","72.7","27.3","49.6","50.4","26.4","73.6","72.9","27.1","78.7","21.3","76.7","23.3","3","97","3.8","96.2","2.2","97.8","9.5","90.5","36","64","73.6","26.4","14.7","85.3"
"2010","12","14860","91.4","8.6","89.8","10.2","29.5","38.1","22.9","7.5","1.9","6","0.8","92.6","0.6","14.3","85.7","5.1","94.9","81.2","18.8","6.1","3.9","29.5","60.5","10","90","70.7","29.3","66.2","33.8","45.6","37.8","16.6","69.7","30.3","5.6","94.4","90.6","9.4","8.3","91.7","13.4","86.6","80.8","19.2","62","38","20.9","79.1","74.7","25.3","86.4","13.6","82","18","2.2","97.8","3.2","96.8","1.6","98.4","6.9","93.1","35.7","64.3","83.1","16.9","20.5","79.5"
"2010","153","15380","93","7","91.6","8.4","20.7","37.3","27","12.4","2.6","8","0.5","90.3","1.3","24.2","75.8","8.8","91.2","76.1","23.9","19.1","4.7","28.9","47.3","23.8","76.2","65.1","34.9","72.7","27.3","37.9","37.5","24.7","67.3","32.7","8.7","91.3","85","15","12.1","87.9","17.2","82.8","79.5","20.5","54.7","45.3","14.9","85.1","74.8","25.2","84.4","15.6","80.8","19.2","5.3","94.7","5.4","94.6","2.8","97.2","19.1","80.9","48.6","51.4","77.2","22.8","19.4","80.6"
"2010","13","15540","94.3","5.7","93.4","6.6","25.3","41.6","24.4","6","2.7","6.2","0.4","92.4","1","20.3","79.7","5.1","94.9","86.4","13.6","10.3","4.3","28.9","56.6","14.6","85.4","74.1","25.9","73.2","26.8","42.3","36","21.7","68","32","7.5","92.5","91.3","8.7","10.6","89.4","15.9","84.1","78.1","21.9","44.7","55.3","13.1","86.9","75.5","24.5","82.5","17.5","80.5","19.5","3","97","3","97","2.1","97.9","16","84","37.6","62.4","81.8","18.2","19.4","80.6"
"2010","14","15764","97","3","96.5","3.5","28.4","40.5","23.2","6.1","1.8","5.8","0.9","91.6","1.7","17.1","82.9","6.3","93.7","82.7","17.3","7.9","2.8","28.2","61.1","10.7","89.3","76.4","23.6","75.2","24.8","44.2","35.2","20.7","67.6","32.4","5.6","94.4","92.1","7.9","9.9","90.1","15.6","84.4","86.1","13.9","57.1","42.9","18.2","81.8","76.6","23.4","90.9","9.1","88.5","11.5","2.8","97.2","3","97","1.8","98.2","9.7","90.3","35.3","64.7","82.6","17.4","15.3","84.7"
"2010","101","15804","91.9","8.1","90.5","9.5","21.8","35.6","28.3","10.1","4.2","9.8","0.8","88","1.4","19.8","80.2","8.1","91.9","72.8","27.2","15.5","3","26.7","54.8","18.5","81.5","64.9","35.1","64.1","35.9","34.7","35.8","29.5","56.2","43.8","3.9","96.1","85.7","14.3","10.2","89.8","15.5","84.5","75.9","24.1","61.2","38.8","14.9","85.1","68.7","31.3","84.7","15.3","79.5","20.5","3.9","96.1","3.6","96.4","2.5","97.5","14.3","85.7","45.4","54.6","73.9","26.1","16.5","83.5"
"2010","192","15940","84.4","15.6","80.9","19.1","18","34.4","32","11.3","4.3","8.8","0.8","88.5","2","23.2","76.8","7.7","92.3","73.4","26.6","19.1","4.2","23.3","53.3","23.4","76.6","60.8","39.2","66.9","33.1","35.4","36.3","28.3","49.5","50.5","4.1","95.9","84.4","15.6","7.1","92.9","10.1","89.9","77.3","22.7","52.9","47.1","18.4","81.6","66.4","33.6","82.8","17.2","83.5","16.5","3.9","96.1","4.8","95.2","2.3","97.7","22.9","77.1","45.5","54.5","68","32","16","84"
"2010","193","15980","76.9","23.1","0","0","20.1","34","29.4","11.4","5","8.4","0.1","90.1","1.4","28","72","10","90","72.1","27.9","16.7","10.4","33.6","39.3","27.1","72.9","72.7","27.3","75","25","40","34.2","25.8","61.3","38.7","6","94","83.5","16.5","13.9","86.1","14.7","85.3","73.7","26.3","68.4","31.6","21.7","78.3","73","27","84","16","81.5","18.5","5.8","94.2","6.2","93.8","4.2","95.8","12.4","87.6","52.4","47.6","67.3","32.7","19.1","80.9"
"2010","102","16220","81.8","18.2","78.4","21.6","21.9","33.9","29.7","10.5","3.9","8.2","1.4","89.7","0.6","20.6","79.4","8.6","91.4","76.8","23.2","20.1","5.5","25.3","49.1","25.6","74.4","63.4","36.6","73.5","26.5","34.7","37.7","27.6","53.5","46.5","6.1","93.9","85.6","14.4","10","90","14.8","85.2","65.3","34.7","51.2","48.8","12.6","87.4","61.6","38.4","73.5","26.5","72.9","27.1","4.4","95.6","4.2","95.8","3.2","96.8","21.1","78.9","47.3","52.7","68.8","31.2","16.5","83.5"
"2010","274","16300","92.3","7.7","90.7","9.3","24.8","32.1","34.4","7.4","1.3","9","0.4","90.3","0.3","16.8","83.2","7.7","92.3","74.5","25.5","11.5","3.1","22.5","62.9","14.6","85.4","66.7","33.3","67.8","32.2","41.1","33.5","25.4","50.7","49.3","2.8","97.2","91.3","8.7","9","91","11.7","88.3","78.3","21.7","48.8","51.2","14.6","85.4","68.3","31.7","81.8","18.2","75.7","24.3","5","95","4.5","95.5","1.9","98.1","13.6","86.4","36.4","63.6","81.1","18.9","15.1","84.9"
"2010","16","16620","84.3","15.7","81.1","18.9","16.4","27.1","32.3","15.8","8.3","10.1","0.7","87.1","2","27.5","72.5","10.1","89.9","68.6","31.4","22.3","1.8","23","52.9","24.1","75.9","67.3","32.7","62.7","37.3","30.5","37.3","32.3","25.7","74.3","2.7","97.3","75.8","24.2","6.9","93.1","11.4","88.6","81.7","18.3","53.2","46.8","17.4","82.6","61","39","84.7","15.3","81.3","18.7","6.7","93.3","5.7","94.3","4.5","95.5","34.8","65.2","59.4","40.6","62.7","37.3","8.3","91.7"
"2010","103","16700","84","16","81.3","18.7","18.5","33.7","32.5","11.1","4.1","11.6","0.9","86","1.5","19.2","80.8","8.8","91.2","74.6","25.4","14.9","6.9","22.3","55.8","21.8","78.2","68.9","31.1","66.4","33.6","34.7","36.4","29","53.8","46.2","8.7","91.3","84.8","15.2","5.5","94.5","10.9","89.1","76.5","23.5","61.3","38.7","16.3","83.7","73.2","26.8","87.6","12.4","79.8","20.2","4.9","95.1","4.8","95.2","3.3","96.7","12.7","87.3","41.8","58.2","68.5","31.5","17.3","82.7"
"2010","104","16740","81.2","18.8","78.4","21.6","24","34.5","26.8","10.4","4.3","9.2","0.9","88.7","1.2","17.8","82.2","6.9","93.1","77.4","22.6","10.4","6.1","22.6","60.9","16.5","83.5","69.2","30.8","69.8","30.2","37","35","28","48.1","51.9","3.4","96.6","85.3","14.7","6","94","11.4","88.6","75.9","24.1","56.3","43.7","19.9","80.1","72.1","27.9","84.6","15.4","81.6","18.4","3.5","96.5","3.3","96.7","2.8","97.2","19.4","80.6","42.8","57.2","70.8","29.2","11","89"
"2010","194","16860","80.4","19.6","76.1","23.9","10.3","38.4","30.6","13.3","7.4","8.8","0.4","86.7","4","22.3","77.7","11.4","88.6","67.8","32.2","11.9","4.8","24.3","58.9","16.7","83.3","69.3","30.7","60.1","39.9","30.9","38.6","30.4","28.9","71.1","2.2","97.8","79.3","20.7","5.5","94.5","9.4","90.6","79.8","20.2","0","0","20.3","79.7","64.4","35.6","82","18","79.1","20.9","7.2","92.8","4.3","95.7","3.4","96.6","27.4","72.6","52.1","47.9","67.8","32.2","9.1","90.9"
"2010","17","16940","85.9","14.1","83.4","16.6","20","33","32.1","10.3","4.6","8.9","0.6","89.6","1","24.3","75.7","9.3","90.7","76.9","23.1","17.1","5.2","27.7","50","22.3","77.7","71.5","28.5","71.3","28.7","33.8","39.2","27","50.3","49.7","3.4","96.6","85.1","14.9","11","89","17.6","82.4","76.6","23.4","59.2","40.8","14.7","85.3","64.8","35.2","86.7","13.3","81","19","5.9","94.1","4.5","95.5","1.8","98.2","20.5","79.5","46.1","53.9","72.5","27.5","12.6","87.4"
"2010","105","16980","85.4","14.6","83.3","16.7","20.1","33.4","30.9","11.6","4.1","8.8","0.7","89.6","0.9","17.2","82.8","5.6","94.4","76.7","23.3","11.3","5.5","23.5","59.6","16.8","83.2","63.1","36.9","61.3","38.7","38.8","34.2","27","61.8","38.2","6.1","93.9","84.3","15.7","8.9","91.1","13.6","86.4","73.9","26.1","52","48","12.6","87.4","60.8","39.2","80.8","19.2","74.3","25.7","4.1","95.9","3.6","96.4","2.5","97.5","13.9","86.1","41.5","58.5","70","30","17.2","82.8"
"2010","19","17140","86.1","13.9","83.7","16.3","20.5","36.6","29","10.2","3.8","9.9","1","88.1","1.1","20.3","79.7","6.9","93.1","74.6","25.4","17.6","4.3","24.4","53.8","21.9","78.1","66.8","33.2","70.8","29.2","38.1","34.4","27.4","58","42","6.3","93.7","86","14","10.9","89.1","16.5","83.5","69.4","30.6","55.5","44.5","13","87","65.8","34.2","81.7","18.3","73.2","26.8","3.4","96.6","3.8","96.2","2.1","97.9","17.4","82.6","41.6","58.4","71.8","28.2","18.2","81.8"
"2010","106","17460","89.2","10.8","86.9","13.1","20.5","35.9","28.9","10.8","4","10.6","0.4","86.3","2.7","19.9","80.1","7.5","92.5","77.3","22.7","15.6","4.8","25.4","54.2","20.5","79.5","68.4","31.6","71.4","28.6","34.4","40.9","24.7","62.7","37.3","6.3","93.7","85.3","14.7","8.8","91.2","13.3","86.7","76.4","23.6","54.3","45.7","18.9","81.1","63.9","36.1","81.2","18.8","79.9","20.1","4.1","95.9","5.1","94.9","2.8","97.2","15.1","84.9","45","55","74.8","25.2","18.2","81.8"
"2010","154","17660","82.2","17.8","78.2","21.8","23.1","34.9","29.6","8.8","3.6","8.4","0.4","89.6","1.7","26.3","73.7","6.1","93.9","81.2","18.8","12.7","4.8","30.7","51.9","17.4","82.6","60.1","39.9","62.2","37.8","35.5","39.8","24.7","56.2","43.8","6","94","87.5","12.5","7.4","92.6","9.8","90.2","69.2","30.8","41","59","21","79","66.5","33.5","82.1","17.9","78.1","21.9","5.3","94.7","5.3","94.7","1.8","98.2","12.8","87.2","46.4","53.6","69.7","30.3","14.3","85.7"
"2010","128","17820","85.3","14.7","83.2","16.8","22.6","39.2","25.6","9.6","3","5.9","0.6","92.2","1.3","26.8","73.2","7.2","92.8","80.9","19.1","15.4","2.4","24.3","57.8","17.9","82.1","69.5","30.5","72.3","27.7","38.6","37.8","23.6","56.7","43.3","3.6","96.4","87.4","12.6","9.1","90.9","15.7","84.3","74","26","46.8","53.2","13.4","86.6","65.3","34.7","77.5","22.5","77.7","22.3","3.9","96.1","2.5","97.5","1.7","98.3","12.4","87.6","36.4","63.6","69.8","30.2","14","86"
"2010","20","17900","80.9","19.1","77.5","22.5","18.8","33.8","30.9","10.7","5.7","9.4","0.8","88.7","1","24","76","10.1","89.9","72.3","27.7","14.6","7.2","23.3","54.9","21.8","78.2","65.9","34.1","74.2","25.8","32.9","36.1","31","43","57","5.1","94.9","83.6","16.4","7.5","92.5","11.3","88.7","77.3","22.7","64.9","35.1","14.8","85.2","66","34","84.3","15.7","79.2","20.8","4.2","95.8","4.7","95.3","4.1","95.9","19.5","80.5","46.5","53.5","64.6","35.4","14.4","85.6"
"2010","107","18140","88.9","11.1","87","13","17.8","35.5","31","12.4","3.3","9.3","0.6","88.8","1.3","22.3","77.7","7.4","92.6","73.7","26.3","15.8","4.1","22.4","57.6","20","80","67.7","32.3","73.2","26.8","34.5","35","30.5","55.2","44.8","5","95","84.2","15.8","10.1","89.9","13.1","86.9","75.9","24.1","53.5","46.5","19.9","80.1","66.4","33.6","83","17","79","21","4","96","3.8","96.2","2.1","97.9","21.4","78.6","39.6","60.4","74.4","25.6","16.8","83.2"
"2010","21","18180","88.2","11.8","85.8","14.2","21.4","38.7","28.8","8.3","2.8","6.5","1.8","90.9","0.8","17.2","82.8","7","93","83.1","16.9","9.3","3.9","34.1","52.7","13.2","86.8","70.5","29.5","69.3","30.7","36.5","40.9","22.6","68.1","31.9","5.1","94.9","89","11","11.6","88.4","16.8","83.2","81.7","18.3","48.3","51.7","20.4","79.6","76.8","23.2","90.7","9.3","84.4","15.6","2.7","97.3","4","96","2.1","97.9","15.9","84.1","35.8","64.2","80","20","14.7","85.3"
"2010","22","19124","78.3","21.7","75.6","24.4","21.5","33.4","31.9","10.1","3","8.1","1","89.3","1.6","16.3","83.7","7.5","92.5","73.6","26.4","9","5.5","19.2","66.3","14.6","85.4","68.3","31.7","70.8","29.2","36.4","29.8","33.8","48.6","51.4","4.5","95.5","86.9","13.1","8.4","91.6","16.6","83.4","77.2","22.8","65.2","34.8","14.4","85.6","60.5","39.5","81.7","18.3","76.1","23.9","4.1","95.9","4.4","95.6","2.4","97.6","11","89","44.3","55.7","59.1","40.9","13.2","86.8"
"2010","23","19380","89.1","10.9","86.7","13.3","18.5","36","28.3","12.4","4.7","11.6","1.3","85.3","1.9","23.6","76.4","10.9","89.1","74.8","25.2","15.9","4.8","24.4","54.9","20.7","79.3","67.4","32.6","74.1","25.9","35","35.3","29.7","48.9","51.1","5.5","94.5","82.9","17.1","9.4","90.6","15.1","84.9","76.9","23.1","54.2","45.8","23.1","76.9","75.9","24.1","82.5","17.5","80","20","4.1","95.9","3.8","96.2","6.2","93.8","19","81","41.2","58.8","72.7","27.3","15.2","84.8"
"2010","298","19620","74.7","25.3","67.9","32.1","0","19.4","35","16","6.5","13.3","0.7","84.8","1.2","17.4","82.6","7.6","92.4","0","0","6.1","4.5","19.3","70.1","10.6","89.4","0","0","0","0","25.8","0","32.9","36","64","2.6","97.4","77.5","22.5","5","95","8","92","0","0","56.4","43.6","13","87","39.5","60.5","0","0","0","0","5.3","94.7","3","97","2.4","97.6","15.2","84.8","0","0","56.4","43.6","8.6","91.4"
"2010","196","19660","82.1","17.9","76.2","23.8","15","32.1","31.8","13.2","7.8","13.6","1.4","84","1","31.5","68.5","10.8","89.2","76.3","23.7","18.6","4.7","32.8","43.9","23.3","76.7","74","26","76.8","23.2","34.8","38","27.2","52.5","47.5","4.2","95.8","78.9","21.1","10","90","15.6","84.4","72.9","27.1","64.3","35.7","25.4","74.6","71.8","28.2","78.3","21.7","77.5","22.5","5.3","94.7","8.3","91.7","3.4","96.6","15.2","84.8","57.6","42.4","65.6","34.4","12.5","87.5"
"2010","24","19740","86.9","13.1","85","15","25.3","39","25.8","7.5","2.3","5.4","0.5","93.2","0.9","18.9","81.1","5.4","94.6","83.8","16.2","9.8","4.8","25.9","59.5","14.6","85.4","76.4","23.6","75.7","24.3","43","37.4","19.6","62.9","37.1","5.1","94.9","90.2","9.8","9.9","90.1","15.7","84.3","71.1","28.9","50.5","49.5","23.9","76.1","67.9","32.1","81.3","18.7","73.6","26.4","2.8","97.2","2.8","97.2","1.7","98.3","12","88","32.4","67.6","72.4","27.6","16.8","83.2"
"2010","25","19780","91.5","8.5","90.3","9.7","20.2","37.1","33.1","6.9","2.7","6.8","0.7","91.6","0.9","18","82","6.9","93.1","77.7","22.3","11.6","4.1","22.6","61.6","15.8","84.2","71.8","28.2","71.9","28.1","35.1","38.9","26","56.4","43.6","4.8","95.2","90.4","9.6","8.7","91.3","12.7","87.3","76.4","23.6","50.6","49.4","18.3","81.7","65.5","34.5","85.4","14.6","78.6","21.4","2.7","97.3","2.9","97.1","2.4","97.6","11.4","88.6","32.4","67.6","77.5","22.5","18.1","81.9"
"2010","26","19804","82","18","78.6","21.4","13.9","33.4","34.2","14","4.5","12.1","1","85.9","1","25","75","10","90","71.7","28.3","12.8","7.4","22.4","57.4","20.2","79.8","63.8","36.2","67.6","32.4","32.9","34","33.1","51.5","48.5","5.7","94.3","81.5","18.5","12.1","87.9","18.6","81.4","76.7","23.3","61.6","38.4","17.4","82.6","68.2","31.8","83.6","16.4","81.3","18.7","5","95","6.9","93.1","3.2","96.8","18.5","81.5","43.3","56.7","67.6","32.4","13.8","86.2"
"2010","27","20100","90.5","9.5","88.7","11.3","18.2","34.3","30.4","13","4.2","10.2","0.8","87.7","1.4","21","79","9.1","90.9","69.6","30.4","15.1","4.9","25.9","54.1","20","80","64.5","35.5","71.2","28.8","29.4","38.8","31.9","49.8","50.2","4","96","82.8","17.2","10.7","89.3","16","84","81.6","18.4","61.4","38.6","17.5","82.5","75.7","24.3","86.9","13.1","83","17","4.2","95.8","4.8","95.2","3.2","96.8","20","80","44.8","55.2","67.1","32.9","13.9","86.1"
"2010","28","20500","86.1","13.9","84.3","15.7","26.7","32.5","27.7","10.6","2.5","7.3","0.7","91","1","15.9","84.1","7.2","92.8","78","22","6.5","5.7","24.8","63.1","12.2","87.8","73.4","26.6","72.4","27.6","41.1","32.4","26.6","57.9","42.1","4.5","95.5","86.9","13.1","9.9","90.1","15.4","84.6","78.6","21.4","54.7","45.3","22.2","77.8","67.6","32.4","88.9","11.1","82.8","17.2","2.3","97.7","2.5","97.5","2.7","97.3","17.1","82.9","36.4","63.6","69.9","30.1","14.7","85.3"
"2010","29","20764","90.7","9.3","88.9","11.1","26.3","31.1","29","9.9","3.7","9.5","0.7","88.3","1.5","17.8","82.2","6.5","93.5","74","26","8.9","2","27.8","61.3","10.9","89.1","70.3","29.7","71.1","28.9","38.5","37.4","24.2","57.7","42.3","3.9","96.1","86.4","13.6","9.1","90.9","13.6","86.4","78.9","21.1","60.1","39.9","19.4","80.6","68.3","31.7","86.9","13.1","80","20","3.7","96.3","4.2","95.8","1.9","98.1","12.4","87.6","45.8","54.2","77.7","22.3","12.1","87.9"
"2010","129","21340","62.5","37.5","55.9","44.1","16.7","20.3","40.3","16.4","6.4","12.2","0.8","86.4","0.7","16.1","83.9","6.6","93.4","71.5","28.5","9.4","5","19.8","65.9","14.4","85.6","64.8","35.2","65.2","34.8","30.2","41.1","28.6","45.1","54.9","4.3","95.7","77.2","22.8","5.8","94.2","9.5","90.5","71.4","28.6","48.3","51.7","15.7","84.3","51.5","48.5","77.6","22.4","73","27","3.5","96.5","4.6","95.4","2.9","97.1","12.1","87.9","49.5","50.5","55.9","44.1","14.3","85.7"
"2010","156","21660","79.1","20.9","74.7","25.3","20.1","38.7","24.5","12","4.7","7","1.5","91.1","0.3","32","68","11.9","88.1","81.8","18.2","15.1","4.4","26.3","54.2","19.5","80.5","71.1","28.9","74.2","25.8","39.9","30.1","30","54.5","45.5","5.8","94.2","83.4","16.6","10.3","89.7","15","85","72.6","27.4","48.6","51.4","10.9","89.1","64.3","35.7","0","0","77.6","22.4","3.4","96.6","2.7","97.3","1.9","98.1","10.9","89.1","41.9","58.1","67.2","32.8","13","87"
"2010","291","21780","89.8","10.2","87.8","12.2","21.1","31.4","29.4","12.1","6","9.8","0.4","88.3","1.5","25.2","74.8","8.6","91.4","72.3","27.7","12.5","5.4","30.1","52","17.9","82.1","73.2","26.8","71.8","28.2","37","33.7","29.3","43.4","56.6","4.8","95.2","81.9","18.1","10","90","13.6","86.4","76.7","23.3","0","0","18.8","81.2","67.8","32.2","83.7","16.3","79.2","20.8","6.6","93.4","4","96","2.4","97.6","19","81","48.5","51.5","70.6","29.4","13","87"
"2010","31","22020","92.7","7.3","92.2","7.8","20.5","45.2","24.5","6.3","3.4","8.5","0.7","90.3","0.5","13.5","86.5","4.5","95.5","73.4","26.6","9","3.1","22.5","65.5","12","88","66.6","33.4","75.8","24.2","37.8","36.8","25.4","60.6","39.4","3.8","96.2","90.2","9.8","5","95","6.1","93.9","80.2","19.8","57","43","27.3","72.7","79.9","20.1","86.4","13.6","83.4","16.6","2.9","97.1","4.5","95.5","1.2","98.8","14.7","85.3","40","60","83.5","16.5","16.6","83.4"
"2010","130","22140","74.5","25.5","69.7","30.3","21.1","27.6","36","10.8","4.6","7.8","0.4","91","0.8","22.9","77.1","5.3","94.7","77.1","22.9","14","6.4","23.6","55.9","20.4","79.6","66.2","33.8","63.4","36.6","35","31.4","33.7","37.7","62.3","3.8","96.2","84.7","15.3","11.7","88.3","17.2","82.8","66.1","33.9","48.2","51.8","10.9","89.1","57.5","42.5","78.9","21.1","71.8","28.2","7.1","92.9","4.9","95.1","1.9","98.1","22.5","77.5","45.3","54.7","64.7","35.3","10.8","89.2"
"2010","109","22220","79.5","20.5","75.8","24.2","21.1","34.5","33.7","7.4","3.2","6.8","1","91.7","0.4","20.7","79.3","6.4","93.6","73.8","26.2","14","5.4","23.3","57.2","19.5","80.5","68.2","31.8","64.7","35.3","38.5","37.1","24.4","46.7","53.3","3.4","96.6","89.4","10.6","10.3","89.7","16","84","60.6","39.4","49.4","50.6","25.3","74.7","58.3","41.7","79.8","20.2","68.2","31.8","3.8","96.2","2.5","97.5","1.9","98.1","19.5","80.5","47.9","52.1","62.8","37.2","12.9","87.1"
"2010","197","22660","87.7","12.3","85.6","14.4","30.4","41.4","20.2","7.1","0.9","4.7","0.3","94.2","0.8","18.2","81.8","4.6","95.4","86.9","13.1","10.8","6.5","21.7","61.1","17.2","82.8","73.6","26.4","73.2","26.8","50.2","28.5","21.3","64.1","35.9","5.7","94.3","92","8","8.4","91.6","15.7","84.3","71.4","28.6","56.5","43.5","15.3","84.7","70.3","29.7","0","0","77.1","22.9","2.4","97.6","3.3","96.7","1.5","98.5","7","93","29.1","70.9","73.6","26.4","14","86"
"2010","292","23060","87.5","12.5","85.4","14.6","18","31.8","35.4","10.3","4.5","11.4","0.7","86.7","1.2","20.2","79.8","7.6","92.4","76.6","23.4","14","4.2","26.8","55","18.2","81.8","59","41","68.4","31.6","30.9","36","33.2","52.1","47.9","2.6","97.4","85.2","14.8","10","90","13.1","86.9","73.5","26.5","49.4","50.6","14.1","85.9","60.6","39.4","80.6","19.4","73.2","26.8","4.7","95.3","5.2","94.8","2.4","97.6","16.7","83.3","48.5","51.5","74.5","25.5","12.7","87.3"
"2010","132","23104","80.3","19.7","78.1","21.9","15.4","34.1","36.1","10.8","3.6","11.7","1.9","86.1","0.3","20.7","79.3","7.4","92.6","76","24","10.2","4.4","22.6","62.8","14.6","85.4","72.9","27.1","74.1","25.9","30.3","34.4","35.3","54.1","45.9","3.3","96.7","85.6","14.4","10.2","89.8","13.9","86.1","78.7","21.3","52.3","47.7","17.9","82.1","67.4","32.6","83.1","16.9","83.1","16.9","3.3","96.7","3.5","96.5","2.3","97.7","14.3","85.7","44.6","55.4","63.8","36.2","13.8","86.2"
"2010","198","23540","84.8","15.2","82.2","17.8","28.5","32.1","29.3","5.8","4.3","4.6","0.9","94.1","0.4","22","78","6.3","93.7","80.9","19.1","10.7","3.1","27.1","59.1","13.8","86.2","56.9","43.1","66.5","33.5","43.8","36","20.1","50.2","49.8","4.6","95.4","89.9","10.1","6.9","93.1","11.4","88.6","76.9","23.1","0","0","18.7","81.3","68.9","31.1","83.5","16.5","81.5","18.5","3.9","96.1","3.2","96.8","2.2","97.8","12","88","39.2","60.8","64.1","35.9","14.4","85.6"
"2010","199","24260","85.8","14.2","82.3","17.7","14.9","36.7","32.3","13","3.1","9","1.7","88.7","0.6","17.9","82.1","8.4","91.6","73.8","26.2","11","4.2","22.9","61.9","15.2","84.8","72.3","27.7","69.8","30.2","31.2","39.9","29","54.7","45.3","5.5","94.5","83.9","16.1","6.2","93.8","11.1","88.9","71.7","28.3","54.6","45.4","20","80","60","40","75.2","24.8","76","24","5.2","94.8","4.4","95.6","3.7","96.3","15","85","41.4","58.6","65.6","34.4","19.4","80.6"
"2010","148","24340","89.8","10.2","88.3","11.7","18.1","35.4","32.9","10.6","3.1","9.9","0.5","88","1.5","20.6","79.4","6","94","80.7","19.3","12.9","6.3","23.5","57.3","19.2","80.8","71.8","28.2","71.1","28.9","34.8","38.7","26.6","53.3","46.7","5.5","94.5","86.3","13.7","8.2","91.8","11.7","88.3","76.8","23.2","57.4","42.6","17.4","82.6","77.2","22.8","83.6","16.4","81.7","18.3","3","97","2","98","2.7","97.3","10.3","89.7","38.5","61.5","72.7","27.3","14.9","85.1"
"2010","33","24660","86.4","13.6","83.7","16.3","19.1","35.3","28.3","12.9","4.5","10.6","0.9","87.1","1.4","21","79","7.9","92.1","76.6","23.4","13.4","6.8","24.5","55.3","20.2","79.8","70.2","29.8","66.8","33.2","32.7","38.6","28.7","46.8","53.2","3.4","96.6","82.6","17.4","7.9","92.1","12.9","87.1","78.4","21.6","58","42","26.7","73.3","71.6","28.4","77.1","22.9","82.3","17.7","4.3","95.7","6","94","2.8","97.2","22.5","77.5","48.7","51.3","70.2","29.8","15.3","84.7"
"2010","110","24860","82.9","17.1","79.7","20.3","19.7","35.5","29.3","10.7","4.8","8.7","3.3","86.7","1.4","22.8","77.2","10.1","89.9","73.5","26.5","10.9","6.1","25.4","57.6","17","83","68.5","31.5","69.8","30.2","32.1","33.9","34","40.2","59.8","2.6","97.4","84.5","15.5","9.4","90.6","12.6","87.4","66.5","33.5","56.8","43.2","14.9","85.1","69.7","30.3","81.3","18.7","77.3","22.7","3.5","96.5","3","97","2.5","97.5","21.8","78.2","48.9","51.1","67.4","32.6","9.9","90.1"
"2010","160","25180","84","16","80.8","19.2","16.3","34.1","35","7.6","6.9","7.9","0.3","91.4","0.5","23.1","76.9","8.4","91.6","72.3","27.7","17.7","5.7","23.5","53.1","23.4","76.6","71.6","28.4","68.8","31.2","34.3","33.6","32.1","42.4","57.6","3.8","96.2","85.5","14.5","8.3","91.7","12.2","87.8","72.6","27.4","48","52","16.2","83.8","61.5","38.5","85.9","14.1","79.4","20.6","4.1","95.9","3.9","96.1","2.8","97.2","22.8","77.2","48.3","51.7","67.8","32.2","14.2","85.8"
"2010","34","25540","90","10","88.3","11.7","21.5","38.1","28.7","9.1","2.6","7.9","0.7","90.5","0.9","16.5","83.5","6.5","93.5","80.5","19.5","9.5","3.6","28.6","58.3","13.1","86.9","74.2","25.8","71.9","28.1","38","37.9","24.2","66.6","33.4","3.6","96.4","88.3","11.7","9","91","15.9","84.1","83.4","16.6","58.2","41.8","19.8","80.2","76.9","23.1","84.9","15.1","87.2","12.8","3","97","3.7","96.3","1.3","98.7","9.4","90.6","38","62","81.9","18.1","16.5","83.5"
"2010","277","25580","91.3","8.7","89.4","10.6","19.5","40.1","26.9","11.3","2.2","8.2","0.5","90.3","1","17.2","82.8","6.1","93.9","74","26","12.6","1.4","23.8","62.2","14","86","75.8","24.2","72.3","27.7","33.4","35.8","30.8","51.1","48.9","2.9","97.1","86.5","13.5","10.2","89.8","15.3","84.7","66.1","33.9","48.5","51.5","23.2","76.8","55.6","44.4","75.5","24.5","71.9","28.1","4.1","95.9","4.1","95.9","1.4","98.6","16.7","83.3","47.6","52.4","69.1","30.9","13.6","86.4"
"2010","299","25740","89.3","10.7","87.2","12.8","22.1","38.2","27.4","7.7","4.7","5.7","0.8","92.9","0.5","24.8","75.2","7.8","92.2","81.6","18.4","12.2","5","27.6","55.1","17.3","82.7","65.7","34.3","69.3","30.7","39.3","39.6","21.1","59.8","40.2","5.2","94.8","87.6","12.4","9.3","90.7","14.6","85.4","72.2","27.8","61.3","38.7","23.5","76.5","65.4","34.6","84.7","15.3","74.9","25.1","5.3","94.7","4.1","95.9","1.5","98.5","19.3","80.7","41.8","58.2","72.2","27.8","17.3","82.7"
"2010","134","25860","78.1","21.9","73.2","26.8","16.7","29.6","31.2","16.1","6.4","10","0.3","87.5","2.2","24.7","75.3","8.8","91.2","69.8","30.2","15.5","6.9","28.4","49.3","22.4","77.6","67.5","32.5","69.9","30.1","33.4","41.7","25","33.3","66.7","1.3","98.7","77.5","22.5","6.6","93.4","9.5","90.5","76.1","23.9","58.2","41.8","20","80","64","36","90.8","9.2","84.8","15.2","5.7","94.3","5.1","94.9","3.1","96.9","24.2","75.8","54.3","45.7","63.9","36.1","6.9","93.1"
"2010","35","25900","91.4","8.6","89.7","10.3","19.8","31.3","34.1","11.4","3.5","8.2","1","88","2.8","21.3","78.7","7","93","80.8","19.2","15.9","4.2","30.8","49.2","20","80","65","35","61.2","38.8","39.4","33.9","26.8","49.5","50.5","7.6","92.4","85.1","14.9","12.2","87.8","20.7","79.3","73.2","26.8","45.5","54.5","18.1","81.9","58.7","41.3","81.1","18.9","76","24","3.7","96.3","2.8","97.2","2.5","97.5","7.6","92.4","43.3","56.7","64.8","35.2","17.9","82.1"
"2010","179","25940","87.4","12.6","83.5","16.5","21.3","39.2","26.4","10.2","2.9","8.7","1.7","88.6","1","20.2","79.8","5.6","94.4","81","19","15.4","3.8","30.5","50.3","19.2","80.8","71.4","28.6","72.5","27.5","40.2","37.5","22.4","59.3","40.7","6.5","93.5","87","13","4.5","95.5","11","89","78.2","21.8","65.3","34.7","11.9","88.1","70.9","29.1","87.1","12.9","81.1","18.9","3.6","96.4","5","95","2.9","97.1","9.8","90.2","43.4","56.6","73.1","26.9","12.4","87.6"
"2010","202","26140","79.7","20.3","68.4","31.6","19.5","27.6","31.9","14.7","6.4","10.1","1.7","86.3","1.9","31.9","68.1","15.5","84.5","77.3","22.7","15.2","6.4","38.1","40.2","21.6","78.4","71.6","28.4","73.6","26.4","38.3","38","23.7","48.9","51.1","5.8","94.2","79","21","10","90","16.4","83.6","69.9","30.1","66.6","33.4","24.4","75.6","69","31","76.7","23.3","74","26","9.9","90.1","8.2","91.8","5.5","94.5","23.9","76.1","60.9","39.1","59.2","40.8","10.9","89.1"
"2010","36","26180","93.9","6.1","92.6","7.4","19.2","29.6","37.3","11.3","2.6","8.5","0.9","88.5","2.1","15.1","84.9","5.7","94.3","80.3","19.7","9.7","3.4","23.7","63.2","13.1","86.9","75.4","24.6","66.3","33.7","43.9","34.2","21.9","48.1","51.9","6.3","93.7","86.1","13.9","9","91","17.3","82.7","78.4","21.6","41.2","58.8","26.4","73.6","61.8","38.2","80.2","19.8","79.6","20.4","2.6","97.4","1.9","98.1","2.3","97.7","6.9","93.1","38.4","61.6","74.3","25.7","17.4","82.6"
"2010","37","26420","75.9","24.1","72.7","27.3","20.1","31","32.3","11.9","4.6","8.5","1","89.8","0.7","17.9","82.1","6.1","93.9","76.4","23.6","10.9","5.3","19.2","64.6","16.2","83.8","64.2","35.8","64.7","35.3","36.9","34","29.1","53.3","46.7","6.1","93.9","83.5","16.5","4.9","95.1","11","89","70.5","29.5","52.5","47.5","13.4","86.6","62.7","37.3","77.1","22.9","74.5","25.5","3.8","96.2","3.3","96.7","2.5","97.5","10.1","89.9","41.7","58.3","64.5","35.5","15.4","84.6"
"2010","38","26580","84.2","15.8","80.2","19.8","12.7","27","32.5","18.6","9.2","13","1.1","84.3","1.7","38.3","61.7","13","87","69.8","30.2","21.6","5.7","23.6","49.1","27.3","72.7","66.3","33.7","70","30","30.6","35.8","33.5","30.6","69.4","4.3","95.7","72.2","27.8","12","88","16.2","83.8","68.1","31.9","53","47","16.6","83.4","53.1","46.9","71.5","28.5","71.4","28.6","6","94","7.2","92.8","5","95","26.7","73.3","57.3","42.7","58.6","41.4","14.3","85.7"
"2010","161","26820","83.7","16.3","80.9","19.1","20.4","38","28.7","9.3","3.6","8.4","0.9","87.6","3.1","16.9","83.1","6.3","93.7","80.6","19.4","8.5","3.4","18.1","70","11.9","88.1","61","39","57","43","35.9","35.8","28.3","28.5","71.5","1.6","98.4","87.1","12.9","7.7","92.3","14.4","85.6","60.3","39.7","51.4","48.6","8","92","61.6","38.4","76.8","23.2","65.6","34.4","2.6","97.4","2.9","97.1","1.5","98.5","10.4","89.6","37","63","75.1","24.9","8.7","91.3"
"2010","39","26900","86.5","13.5","84.3","15.7","19.6","36.4","29.9","9.6","4.5","9.6","1","88.1","1.2","20.6","79.4","7.1","92.9","76.5","23.5","13.9","5.9","25.6","54.6","19.8","80.2","68","32","71.8","28.2","36.2","35.7","28.2","52.2","47.8","4.6","95.4","85.9","14.1","10.5","89.5","15.4","84.6","73.8","26.2","54.7","45.3","14.3","85.7","68.1","31.9","83.1","16.9","76.6","23.4","4.6","95.4","3.5","96.5","3.1","96.9","18.6","81.4","41.7","58.3","71.5","28.5","14.5","85.5"
"2010","40","27140","84.1","15.9","81.6","18.4","19.6","31.1","28.5","13.8","6.9","11.7","1.4","85.3","1.6","21.9","78.1","10.3","89.7","68.5","31.5","14.6","4.8","18.5","62.1","19.4","80.6","65.7","34.3","69.5","30.5","33.3","33.5","33.3","41.5","58.5","2.6","97.4","79.3","20.7","6.3","93.7","10.4","89.6","75.5","24.5","55.4","44.6","17.9","82.1","64.9","35.1","87","13","76.8","23.2","4","96","2.9","97.1","2.8","97.2","24.7","75.3","48.5","51.5","65.2","34.8","10.4","89.6"
"2010","41","27260","85.4","14.6","82.8","17.2","23.4","34.6","25","12.1","5","9.3","1.7","88.3","0.7","24.8","75.2","10.3","89.7","72.1","27.9","12.6","5.1","26","56.3","17.7","82.3","64.3","35.7","64.8","35.2","38.6","35.4","26","54.6","45.4","6.4","93.6","83","17","10.1","89.9","15.7","84.3","78","22","61.7","38.3","15.8","84.2","69.7","30.3","83.3","16.7","80.2","19.8","4","96","4.2","95.8","2.6","97.4","16.3","83.7","47.1","52.9","67.7","32.3","15.9","84.1"
"2010","42","27980","92.5","7.5","91.2","8.8","19.9","32.5","34.4","9.7","3.5","7.8","0.7","88.8","2.7","15.2","84.8","5.8","94.2","83.6","16.4","10.5","5.3","26.8","57.4","15.8","84.2","64","36","65.7","34.3","37.1","35.9","27","51.9","48.1","6.1","93.9","86.7","13.3","10.7","89.3","17.5","82.5","73.8","26.2","37.6","62.4","29.7","70.3","61.7","38.3","78.9","21.1","78.1","21.9","3.5","96.5","3.2","96.8","2.7","97.3","6.1","93.9","40.5","59.5","74.5","25.5","19.4","80.6"
"2010","180","28060","81.1","18.9","77.1","22.9","22.6","35.4","27.5","10.4","4.2","4.9","0.9","93.3","0.9","23.1","76.9","5.6","94.4","79.6","20.4","10.2","8.4","29.7","51.7","18.6","81.4","63.7","36.3","74.8","25.2","40.5","41.2","18.3","61.1","38.9","6.5","93.5","85.4","14.6","8.6","91.4","12.7","87.3","74.3","25.7","53.3","46.7","9.5","90.5","61.3","38.7","81.8","18.2","76.2","23.8","3.9","96.1","2.5","97.5","2.5","97.5","13.8","86.2","44.6","55.4","54.3","45.7","16.6","83.4"
"2010","43","28140","87.5","12.5","85.3","14.7","20.1","38","29.1","9.6","3.2","9.1","0.6","89.1","1.1","20.6","79.4","7.5","92.5","77","23","14.5","4.6","25.2","55.7","19.1","80.9","63.2","36.8","70.3","29.7","34.5","36","29.5","53.6","46.4","4.2","95.8","87.2","12.8","9.9","90.1","15.5","84.5","76.5","23.5","55.3","44.7","16.1","83.9","67.1","32.9","80.8","19.2","79.3","20.7","4","96","4.2","95.8","2.5","97.5","17.9","82.1","40.3","59.7","71.9","28.1","15.7","84.3"
"2010","44","28180","90.7","9.3","88.7","11.3","21.8","30","32","12","4.2","6.2","0.4","90.4","3.1","18.8","81.2","5.3","94.7","83.5","16.5","13.2","5.3","30","51.5","18.5","81.5","66.8","33.2","66.4","33.6","44.5","31.8","23.7","57.5","42.5","9.5","90.5","83.9","16.1","5.4","94.6","13.5","86.5","72.6","27.4","40.6","59.4","16.5","83.5","63.1","36.9","78.2","21.8","75.7","24.3","3.8","96.2","3.3","96.7","3.4","96.6","7.9","92.1","39.3","60.7","66.9","33.1","23","77"
"2010","111","28420","82.9","17.1","80","20","17.2","35.3","32","12.5","2.9","10.3","1","86.4","2.3","20.6","79.4","4.9","95.1","75.8","24.2","6.3","2.6","23.9","67.3","8.8","91.2","67.9","32.1","70.6","29.4","33.4","35.1","31.5","51.2","48.8","2.4","97.6","84.6","15.4","8.1","91.9","13","87","74","26","49.1","50.9","19.8","80.2","70.1","29.9","84","16","77.6","22.4","2.9","97.1","4","96","1.5","98.5","14.2","85.8","35.1","64.9","69.5","30.5","11.1","88.9"
"2010","203","28580","77.9","22.1","73","27","29","31.1","27.2","8.8","3.9","7.3","0.8","91.5","0.5","27.5","72.5","6.6","93.4","83.1","16.9","15.4","6","34.4","44.2","21.4","78.6","66.5","33.5","61.6","38.4","46","37.1","16.9","72.7","27.3","10","90","87.3","12.7","5.8","94.2","12.6","87.4","75.2","24.8","0","0","15.7","84.3","58.5","41.5","83.4","16.6","76.8","23.2","4.9","95.1","5.4","94.6","3.4","96.6","8.2","91.8","47.9","52.1","71.6","28.4","23","77"
"2010","204","28700","83.2","16.8","79.5","20.5","14.3","29.4","32.7","15.3","8.3","11.1","0.1","82.3","6.6","27.3","72.7","11.7","88.3","62.4","37.6","14.2","7.3","30.4","48.1","21.5","78.5","66.4","33.6","75.7","24.3","29.9","33.4","36.7","19.5","80.5","3.7","96.3","76.4","23.6","7.9","92.1","9.7","90.3","73.3","26.7","0","0","28.1","71.9","58.1","41.9","79.8","20.2","78.6","21.4","7.8","92.2","6","94","3","97","29.9","70.1","58.4","41.6","69","31","6.1","93.9"
"2010","136","28940","83.8","16.2","80.4","19.6","16.3","34.2","32.4","10.4","6.7","9.1","0.3","85","5.7","23","77","10.5","89.5","70.9","29.1","15.4","5.7","18.6","60.3","21.2","78.8","72.7","27.3","71.9","28.1","35.4","34.1","30.5","26.8","73.2","2.7","97.3","82.9","17.1","5.2","94.8","7.4","92.6","79","21","0","0","26.3","73.7","61.5","38.5","81.2","18.8","84.1","15.9","5.8","94.2","5.8","94.2","3.6","96.4","30.7","69.3","50.7","49.3","67.4","32.6","3.6","96.4"
"2010","205","29380","77.6","22.4","72.6","27.4","18.9","26.2","33","15.4","6.4","11.9","0.4","85.9","1.8","29.2","70.8","10.9","89.1","72","28","20.8","7.1","23.7","48.4","27.9","72.1","59.2","40.8","64.1","35.9","29.7","39.1","31.2","43.9","56.1","5","95","78.2","21.8","11","89","15.6","84.4","67.1","32.9","0","0","24.7","75.3","66.4","33.6","81","19","70.7","29.3","7.7","92.3","6.5","93.5","4.5","95.5","19.7","80.3","60.4","39.6","51.8","48.2","15.2","84.8"
"2010","206","29460","76.2","23.8","68.8","31.2","19.1","28.3","33.2","13.4","6","13.9","0","84.8","1.3","29","71","9.4","90.6","74","26","12.7","8.8","29.7","48.8","21.5","78.5","62.5","37.5","67.5","32.5","29","33","37.9","49.2","50.8","4","96","80.6","19.4","9.6","90.4","16.1","83.9","75.7","24.3","63.6","36.4","16.6","83.4","71.1","28.9","77.5","22.5","79.4","20.6","8.4","91.6","6.1","93.9","7.1","92.9","14.9","85.1","60.3","39.7","52.5","47.5","12.8","87.2"
"2010","207","29700","51.2","48.8","44.9","55.1","15.5","20.2","42.5","15.1","6.7","13.4","1.3","84.4","0.9","14.3","85.7","7.4","92.6","65.8","34.2","5.6","10.2","16","68.2","15.8","84.2","62.5","37.5","48.6","51.4","29.1","37.6","33.3","36.9","63.1","2.1","97.9","78.2","21.8","3.4","96.6","5.8","94.2","61","39","44.1","55.9","7.1","92.9","37.3","62.7","71.7","28.3","68.9","31.1","3.5","96.5","2.5","97.5","1.5","98.5","11.4","88.6","46.9","53.1","51.9","48.1","15.8","84.2"
"2010","112","29740","72.9","27.1","67.9","32.1","16.5","29.3","30.8","17.1","6.3","12","0.3","87.6","0.2","20.6","79.4","8.5","91.5","75.5","24.5","7.5","4.4","22.1","66","11.9","88.1","72.9","27.1","66.3","33.7","32","37.2","30.8","42.6","57.4","3.3","96.7","76.6","23.4","8.9","91.1","11.9","88.1","70.9","29.1","0","0","12.9","87.1","60.7","39.3","80.4","19.6","75.7","24.3","4.3","95.7","3.8","96.2","3.4","96.6","12.6","87.4","37.6","62.4","67","33","8.4","91.6"
"2010","46","29820","80.3","19.7","77.2","22.8","21.6","30.1","30.9","11.4","6","9","0.6","89.4","1","19.8","80.2","6.6","93.4","76.3","23.7","17","5.1","25.1","52.7","22.1","77.9","59.4","40.6","64","36","39.6","37.3","23.1","56.3","43.7","5.1","94.9","82.6","17.4","9.3","90.7","14.3","85.7","66.8","33.2","51.6","48.4","17.8","82.2","60.5","39.5","79","21","69.9","30.1","5","95","3.9","96.1","3.2","96.8","16.3","83.7","42.8","57.2","67.2","32.8","17.5","82.5"
"2010","47","30100","87","13","83.9","16.1","23.3","38.4","27.3","7.8","3.2","8.1","0.9","89.8","1.2","19.2","80.8","6.4","93.6","80.4","19.6","13.2","3.6","29.8","53.3","16.9","83.1","70.2","29.8","70.4","29.6","40.2","34.6","25.2","64","36","9.2","90.8","89","11","12.1","87.9","17.9","82.1","79.5","20.5","51.3","48.7","22","78","73.8","26.2","83","17","82.6","17.4","4.2","95.8","3.4","96.6","1.9","98.1","17.8","82.2","47.2","52.8","71.3","28.7","18","82"
"2010","138","30300","85.9","14.1","81","19","18","33.8","30.1","11.8","6.3","12.2","1.4","84.5","1.9","29.2","70.8","8.7","91.3","77.7","22.3","18.3","4.6","27.2","49.9","22.9","77.1","66.3","33.7","61.4","38.6","35","38.3","26.7","57.5","42.5","4.4","95.6","82","18","12.3","87.7","15.5","84.5","71.1","28.9","60.5","39.5","15.1","84.9","72.8","27.2","86.4","13.6","78.4","21.6","4.3","95.7","5","95","2.3","97.7","15.5","84.5","44.7","55.3","68.2","31.8","14","86"
"2010","300","30340","88.8","11.2","86.9","13.1","24","36","24.4","11.9","3.6","9.5","0.6","88.2","1.7","20.3","79.7","6.5","93.5","75.7","24.3","11.1","2.6","32.3","53.9","13.8","86.2","73.3","26.7","65.2","34.8","38.2","34.9","26.9","53.8","46.2","2.5","97.5","84.5","15.5","9.1","90.9","13.7","86.3","79.3","20.7","42.9","57.1","25.5","74.5","71.7","28.3","86.8","13.2","84.5","15.5","5.5","94.5","6.1","93.9","3.3","96.7","25.2","74.8","49.7","50.3","61.9","38.1","11","89"
"2010","48","30700","86.9","13.1","84.8","15.2","18.6","41.3","31.6","6.8","1.6","6.1","1.1","92.4","0.4","17.7","82.3","5.2","94.8","81.8","18.2","12.8","4.6","23.8","58.7","17.4","82.6","70.1","29.9","70.5","29.5","37.4","32.5","30.1","60.7","39.3","5.9","94.1","91.6","8.4","9.9","90.1","15","85","74.2","25.8","49.9","50.1","14.1","85.9","66.4","33.6","80.1","19.9","76.2","23.8","2.7","97.3","3.4","96.6","1.5","98.5","10.9","89.1","33.3","66.7","74.6","25.4","22.7","77.3"
"2010","49","30780","86.6","13.4","84","16","22.1","31.6","29.8","11.9","4.6","10","0","89.2","0.7","19.5","80.5","6.5","93.5","76.2","23.8","14.7","5.2","21.9","58.2","19.9","80.1","73.9","26.1","67.9","32.1","29.3","36","34.6","47.1","52.9","4.3","95.7","83.5","16.5","8.2","91.8","13.7","86.3","73.9","26.1","64.4","35.6","13.5","86.5","67.2","32.8","77.5","22.5","77.3","22.7","3","97","5.5","94.5","2.3","97.7","16.2","83.8","45.5","54.5","71.2","28.8","10.8","89.2"
"2010","50","31084","77.3","22.7","74","26","21.1","28","30.3","16","4.6","8.7","1.8","88.3","1.1","16","84","6","94","79.2","20.8","6","5.7","21.5","66.8","11.7","88.3","57.9","42.1","57.4","42.6","37.5","38.2","24.3","49.5","50.5","5.2","94.8","79.4","20.6","6.4","93.6","10.8","89.2","81.3","18.7","48.1","51.9","22.9","77.1","56.3","43.7","82.4","17.6","82.7","17.3","3.6","96.4","3.2","96.8","2","98","11.5","88.5","45.3","54.7","65.1","34.9","15.4","84.6"
"2010","51","31140","86.3","13.7","83.5","16.5","16.6","33.9","32.1","11.8","5.6","6.9","1","91.3","0.8","21","79","9.5","90.5","74.8","25.2","17.7","5.2","27.1","50","22.9","77.1","73","27","62.6","37.4","33.7","35.1","31.2","52.2","47.8","5.1","94.9","82.6","17.4","9.8","90.2","12.7","87.3","74.8","25.2","52.4","47.6","16.3","83.7","65.5","34.5","83.2","16.8","79.5","20.5","5.2","94.8","4.2","95.8","2.4","97.6","23","77","48.1","51.9","66.9","33.1","16.3","83.7"
"2010","181","31180","77.7","22.3","73.5","26.5","17.1","33.3","31.4","13.4","4.9","11","1","87.4","0.6","19.7","80.3","9.9","90.1","69.3","30.7","14.7","7.2","19.9","58.2","21.9","78.1","64","36","69.9","30.1","35.3","32.5","32.2","50.5","49.5","6.2","93.8","81.7","18.3","8.4","91.6","16.8","83.2","76.8","23.2","49.1","50.9","11.8","88.2","64.4","35.6","71","29","79.7","20.3","3.3","96.7","5.6","94.4","2.8","97.2","16.8","83.2","40.6","59.4","59.4","40.6","14.4","85.6"
"2010","52","31700","90.1","9.9","88.5","11.5","24.4","42.7","22.7","7.3","2.9","7.1","1","89.4","2.5","20.1","79.9","5.6","94.4","81.3","18.7","11.3","5.6","30.3","52.8","16.9","83.1","74.9","25.1","71.2","28.8","39.7","35.8","24.5","64.2","35.8","6.1","93.9","89.8","10.2","10.5","89.5","14.1","85.9","81.8","18.2","55","45","14.2","85.8","75.1","24.9","80.5","19.5","83.8","16.2","3.8","96.2","4.1","95.9","2.1","97.9","19.9","80.1","39.7","60.3","78.3","21.7","14.3","85.7"
"2010","208","32580","45.7","54.3","36.9","63.1","18.5","19.7","37.5","15.5","8.8","13.8","1.6","83.6","0.9","18.8","81.2","6.8","93.2","64","36","5.6","6.9","17.4","70.1","12.6","87.4","64.3","35.7","62.6","37.4","30.8","35.8","33.3","37.6","62.4","4.1","95.9","75.7","24.3","5.2","94.8","8.6","91.4","66.8","33.2","0","0","10.8","89.2","54","46","70.9","29.1","71.5","28.5","3.7","96.3","4.7","95.3","1.8","98.2","11.6","88.4","45.3","54.7","48.2","51.8","13.4","86.6"
"2010","53","32820","82.4","17.6","79.4","20.6","18.9","37.1","25.8","13.2","5","12.7","0.4","82.2","4.6","20.3","79.7","8","92","73.9","26.1","14.2","3.1","22.7","60","17.3","82.7","65","35","62.9","37.1","28.9","35.3","35.8","40.3","59.7","1.8","98.2","81.8","18.2","6.4","93.6","11.5","88.5","78.8","21.2","0","0","18.3","81.7","60.3","39.7","81.5","18.5","81.6","18.4","3.7","96.3","2.6","97.4","4.7","95.3","23.9","76.1","51","49","65","35","10.3","89.7"
"2010","113","33100","76.5","23.5","72.1","27.9","21.6","32.6","30.5","11.4","3.9","7.5","0.8","90.5","1.2","19.5","80.5","5.5","94.5","75.9","24.1","7.1","5.3","23","64.6","12.4","87.6","51.7","48.3","60.1","39.9","34.2","37.5","28.3","55.4","44.6","2.5","97.5","84.7","15.3","7.7","92.3","14.5","85.5","79.6","20.4","58.8","41.2","17.4","82.6","66.5","33.5","78.5","21.5","82.1","17.9","4.4","95.6","3.1","96.9","3.3","96.7","11.9","88.1","49.4","50.6","63.7","36.3","13.3","86.7"
"2010","301","33260","84.5","15.5","81.5","18.5","21","36.8","26.8","10.5","5","9.8","0.8","87.8","1.6","21.7","78.3","6.1","93.9","66.7","33.3","12.9","5.5","25","56.6","18.4","81.6","62.2","37.8","61","39","38.5","37.6","23.9","50.4","49.6","4.7","95.3","84.6","15.4","12.4","87.6","20.1","79.9","63.8","36.2","0","0","19.4","80.6","56.5","43.5","77.6","22.4","65.8","34.2","4","96","2.7","97.3","3","97","15.3","84.7","44.3","55.7","66.8","33.2","15.3","84.7"
"2010","55","33340","90.3","9.7","88.3","11.7","20.5","35.3","28.5","11.7","4","7.6","0.7","91.2","0.4","19","81","6.6","93.4","75.6","24.4","12","8.4","25.5","54","20.5","79.5","72.3","27.7","77.8","22.2","39.1","35","26","64.4","35.6","6.7","93.3","84.3","15.7","9.3","90.7","14.5","85.5","81.1","18.9","52.7","47.3","11.9","88.1","70.2","29.8","84.8","15.2","80.3","19.7","3.7","96.3","3.6","96.4","2.6","97.4","14.9","85.1","34.9","65.1","79.2","20.8","18.9","81.1"
"2010","56","33460","91","9","89.7","10.3","25.8","38.3","26.6","7.2","2.1","5.3","0.4","92.8","1.5","15.5","84.5","5.1","94.9","82.9","17.1","11.4","3.8","25.2","59.6","15.2","84.8","72.8","27.2","72.6","27.4","38.4","36.7","24.9","64","36","4.1","95.9","90.7","9.3","8.2","91.8","12","88","81.4","18.6","49.5","50.5","11.3","88.7","74.2","25.8","87.7","12.3","83.7","16.3","3.1","96.9","3.1","96.9","1.8","98.2","7.8","92.2","28.2","71.8","81.1","18.9","18.1","81.9"
"2010","278","33500","91.5","8.5","89.7","10.3","18.9","36.8","31","11.2","2.1","8.2","0.3","90","1.5","16.2","83.8","4.6","95.4","73.5","26.5","8.9","4.6","25.7","60.8","13.5","86.5","60.8","39.2","68.4","31.6","30.8","40.4","28.9","59.5","40.5","4.7","95.3","86.7","13.3","9.3","90.7","13","87","81.4","18.6","65.4","34.6","12.9","87.1","61.5","38.5","85.9","14.1","80.5","19.5","3.2","96.8","3.3","96.7","2.3","97.7","19.5","80.5","42.1","57.9","75.6","24.4","18.4","81.6"
"2010","209","33660","76.8","23.2","72.3","27.7","15.6","31.3","31.2","15.5","6.4","11.5","0.1","87.4","0.9","27.8","72.2","8.7","91.3","69.7","30.3","17.2","7.8","23.9","51.1","25","75","68.1","31.9","71","29","32.8","33.6","33.6","42.2","57.8","6.2","93.8","78.1","21.9","6.9","93.1","11.5","88.5","78.9","21.1","55.9","44.1","19.7","80.3","59.2","40.8","83.7","16.3","79.1","20.9","4.8","95.2","2.9","97.1","4.6","95.4","24.1","75.9","56.8","43.2","61.2","38.8","10.9","89.1"
"2010","183","34820","77","23","70.4","29.6","18","40.2","26.4","11.4","4.1","10.5","0.4","87.9","1.2","23.7","76.3","9.7","90.3","77.3","22.7","17.4","6","28.9","47.7","23.4","76.6","65.7","34.3","70.9","29.1","32.2","41.2","26.6","50","50","6.7","93.3","84.5","15.5","10.1","89.9","16.5","83.5","77.3","22.7","0","0","19.2","80.8","66.1","33.9","83.2","16.8","81.5","18.5","5.8","94.2","5.4","94.6","3.6","96.4","16.7","83.3","55","45","62.4","37.6","17.2","82.8"
"2010","211","34940","80.7","19.3","71.9","28.1","24.1","34.8","22.9","14.7","3.5","9.2","0","88.7","2.1","18.3","81.7","7.1","92.9","86.4","13.6","11.5","5.4","37.8","45.2","16.9","83.1","74.1","25.9","79.9","20.1","40.8","36.4","22.9","63.4","36.6","9.5","90.5","81.9","18.1","7.3","92.7","14.5","85.5","78.1","21.9","66.8","33.2","21.1","78.9","72.1","27.9","0","0","85.5","14.5","5.3","94.7","5.9","94.1","3.1","96.9","7.4","92.6","46.6","53.4","72.5","27.5","15.6","84.4"
"2010","57","34980","86","14","84","16","21.6","37.6","28.2","7.6","5","8.7","0.5","86.2","4.7","16.7","83.3","7.7","92.3","73.3","26.7","14.4","3","23.8","58.8","17.4","82.6","69.3","30.7","67","33","37.8","37.4","24.7","34.1","65.9","1","99","87.5","12.5","5.6","94.4","8.4","91.6","77","23","53.3","46.7","15.8","84.2","66.2","33.8","86.6","13.4","79","21","3.6","96.4","4.1","95.9","1.7","98.3","29.6","70.4","44.6","55.4","70.6","29.4","7.9","92.1"
"2010","147","35004","90.6","9.4","88.9","11.1","25","36.8","27.7","8","2.6","6.6","0.8","91","1.6","20.8","79.2","6.5","93.5","77.3","22.7","9.5","4.2","29.9","56.4","13.7","86.3","72.2","27.8","68.1","31.9","41.3","36.8","21.9","62.1","37.9","5.4","94.6","89.5","10.5","7.2","92.8","12.7","87.3","76.6","23.4","65.2","34.8","15.9","84.1","67","33","82.6","17.4","77.4","22.6","3","97","3.6","96.4","2.1","97.9","9.2","90.8","49.9","50.1","74","26","15.1","84.9"
"2010","58","35084","85.9","14.1","83.3","16.7","23.5","32.8","30","9.8","3.8","9.6","0.7","88.7","1","16.2","83.8","6.4","93.6","73.9","26.1","8.6","5.5","24.7","61.2","14.1","85.9","65.9","34.1","63.5","36.5","38.2","37.9","23.9","56.3","43.7","3.8","96.2","86.4","13.6","7.5","92.5","12.6","87.4","78.5","21.5","54.9","45.1","17.6","82.4","65.6","34.4","82.8","17.2","80.5","19.5","3.4","96.6","3.6","96.4","2.7","97.3","13.2","86.8","46.7","53.3","78.6","21.4","12.6","87.4"
"2010","59","35300","90.2","9.8","88.1","11.9","22.8","33.8","31.8","9.1","2.4","8","0.6","90.7","0.7","17.9","82.1","6.6","93.4","77.9","22.1","11.3","4.2","28.4","56","15.6","84.4","73.8","26.2","69.2","30.8","38.8","34.9","26.2","63.1","36.9","5.5","94.5","88.5","11.5","11.3","88.7","18.3","81.7","80.8","19.2","59.6","40.4","19","81","74.2","25.8","85.9","14.1","84.3","15.7","3.4","96.6","3.5","96.5","2","98","9.6","90.4","37.5","62.5","80.1","19.9","16.5","83.5"
"2010","60","35380","79.7","20.3","75.7","24.3","16.8","31.3","32.4","14.6","4.9","11","0.7","87.1","1.2","22.6","77.4","8.8","91.2","73.1","26.9","14.7","5.6","23.8","55.9","20.3","79.7","64.3","35.7","67.1","32.9","30.1","37.2","32.6","54.9","45.1","5.4","94.6","80.5","19.5","7.1","92.9","12.7","87.3","75.8","24.2","60.8","39.2","17.9","82.1","66.7","33.3","83.9","16.1","77.7","22.3","4.2","95.8","4.9","95.1","3.7","96.3","17.9","82.1","49.5","50.5","66.1","33.9","16.8","83.2"
"2010","61","35644","85.6","14.4","82.9","17.1","22.1","32.4","29.7","12.1","3.8","8.7","0.7","89.4","1.2","16","84","6.9","93.1","75.4","24.6","7.8","5.9","23.4","62.9","13.7","86.3","61.5","38.5","58","42","40.5","37.6","21.9","54.5","45.5","4","96","84.1","15.9","9.9","90.1","14.6","85.4","78.9","21.1","58.1","41.9","15.5","84.5","68.8","31.2","81.3","18.7","80.5","19.5","3.6","96.4","3.9","96.1","2","98","11.9","88.1","48.9","51.1","72.6","27.4","14.5","85.5"
"2010","279","35740","90.1","9.9","88","12","21.5","32.7","32.6","9.8","3.5","6.6","0.1","92.4","1","17.4","82.6","7.9","92.1","71.7","28.3","13","3","23","61.1","15.9","84.1","69.9","30.1","71.9","28.1","29","38.4","32.5","59.4","40.6","5.2","94.8","86.7","13.3","4.3","95.7","7.4","92.6","69","31","57.7","42.3","17.3","82.7","58.7","41.3","80.2","19.8","67.7","32.3","3.5","96.5","4.4","95.6","2.8","97.2","22.3","77.7","45.4","54.6","65.1","34.9","20.2","79.8"
"2010","280","35820","90.3","9.7","88","12","21.3","29.1","34.4","10.7","4.5","9.3","1.6","88.5","0.6","20.9","79.1","6.8","93.2","71.2","28.8","12.1","5.1","26.7","56.1","17.2","82.8","65.7","34.3","66.5","33.5","33.2","34.6","32.2","54.7","45.3","5.6","94.4","84.8","15.2","12.9","87.1","15.1","84.9","72.7","27.3","53.7","46.3","8.3","91.7","64.9","35.1","72.3","27.7","73.1","26.9","5.8","94.2","4.7","95.3","3.9","96.1","13.6","86.4","44.1","55.9","66.5","33.5","17.6","82.4"
"2010","303","35840","81.9","18.1","73.3","26.7","22","33.7","32","9.2","3.1","9.3","1.4","88","1.3","21.1","78.9","8.7","91.3","78.4","21.6","13.3","5","31.9","49.8","18.3","81.7","68.7","31.3","75.1","24.9","41.9","36.4","21.6","60.1","39.9","8.3","91.7","87.7","12.3","6.1","93.9","12.3","87.7","78.4","21.6","66.4","33.6","22.5","77.5","70.1","29.9","82.1","17.9","83.1","16.9","6.9","93.1","7.9","92.1","4.2","95.8","11.4","88.6","52","48","70.3","29.7","14.6","85.4"
"2010","213","36100","80.3","19.7","71.7","28.3","16","31.5","29.4","14.7","8.4","12.1","0.4","86.4","1.2","30.4","69.6","14.9","85.1","71.2","28.8","20.2","3.6","30.5","45.7","23.8","76.2","67.2","32.8","75.3","24.7","32.5","33.7","33.8","48.2","51.8","4.2","95.8","76.9","23.1","8.8","91.2","16.2","83.8","76.2","23.8","71.5","28.5","24.4","75.6","68","32","71.1","28.9","77","23","6.5","93.5","7.7","92.3","5.3","94.7","18.6","81.4","63.6","36.4","57.9","42.1","11.2","88.8"
"2010","168","36140","88.2","11.8","84","16","26.2","30.7","29","11","3.1","11.8","2.7","83.9","1.7","18.3","81.7","7.4","92.6","75.1","24.9","16.2","4.4","32.6","46.8","20.6","79.4","67","33","64.8","35.2","37","37.6","25.4","59.4","40.6","8","92","85.9","14.1","6.5","93.5","9.9","90.1","81.8","18.2","55.8","44.2","18.9","81.1","66.9","33.1","82.5","17.5","85.4","14.6","5.4","94.6","3.9","96.1","2","98","16.7","83.3","48.6","51.4","77.9","22.1","15.7","84.3"
"2010","63","36260","86.8","13.2","85","15","26.6","34.3","26.6","8.9","3.6","6.9","1","91.5","0.7","19.2","80.8","6.3","93.7","83.5","16.5","5.7","2.5","14","77.9","8.1","91.9","71.4","28.6","65.2","34.8","39.6","34.2","26.2","25.6","74.4","3","97","87.5","12.5","7.5","92.5","11.2","88.8","68.4","31.6","53.2","46.8","9.5","90.5","72.6","27.4","76.4","23.6","74","26","3.2","96.8","3","97","2.1","97.9","11","89","31.2","68.8","75.2","24.8","8.3","91.7"
"2010","64","36420","79.9","20.1","76.2","23.8","18","33.2","30.6","12.4","5.8","8.7","0.6","89","1.7","26.2","73.8","9.7","90.3","71.5","28.5","15.5","7.2","23.8","53.5","22.7","77.3","67.8","32.2","71.5","28.5","35.1","34.8","30.1","44.4","55.6","3.8","96.2","81.8","18.2","8.9","91.1","13.1","86.9","70.8","29.2","52.6","47.4","13.7","86.3","63.1","36.9","80.4","19.6","73.7","26.3","4.8","95.2","4.5","95.5","3.3","96.7","20.7","79.3","44.1","55.9","61.6","38.4","13.3","86.7"
"2010","114","36500","85.7","14.3","83.2","16.8","20.4","36","32.9","7.9","2.9","7.4","1.3","90.6","0.7","31.3","68.7","9.9","90.1","84.8","15.2","15.4","3.2","24","57.3","18.6","81.4","69.1","30.9","62","38","41.5","33.7","24.8","59.8","40.2","5.3","94.7","89.3","10.7","11.4","88.6","19.9","80.1","76.3","23.7","43.5","56.5","27.7","72.3","72.2","27.8","82.2","17.8","78.7","21.3","2.9","97.1","2.9","97.1","2.3","97.7","9.1","90.9","38.1","61.9","72.4","27.6","13.5","86.5"
"2010","65","36540","85.6","14.4","83","17","20.9","37.8","30.6","7.8","2.9","7.5","0.3","91.3","0.9","18.5","81.5","6.4","93.6","76.3","23.7","13.7","5.3","26.6","54.4","19","81","75.1","24.9","75.2","24.8","37","37.2","25.8","62","38","5.9","94.1","89.3","10.7","7.9","92.1","13.9","86.1","74.2","25.8","51.2","48.8","14.1","85.9","68","32","85","15","75.9","24.1","3.4","96.6","3.6","96.4","2.4","97.6","14.5","85.5","37.8","62.2","71.8","28.2","19.5","80.5"
"2010","66","36740","81.5","18.5","77.7","22.3","19.2","35.8","27.1","12.9","4.9","11.3","0.8","86.6","1.4","21.6","78.4","8.3","91.7","74.7","25.3","11.5","4.4","24.1","60","15.8","84.2","61.4","38.6","64.2","35.8","34.3","37.4","28.3","49.4","50.6","5.2","94.8","82.1","17.9","8.6","91.4","15.1","84.9","72.5","27.5","62.4","37.6","21.8","78.2","66","34","80.4","19.6","76.1","23.9","4","96","5.3","94.7","2.6","97.4","12.9","87.1","47.3","52.7","64.5","35.5","13.8","86.2"
"2010","215","37340","82.4","17.6","77.4","22.6","15.6","34.1","32.3","10","7.9","11.4","0","87.7","1","28.5","71.5","10.7","89.3","73.6","26.4","16.2","4.2","35.5","44.1","20.4","79.6","71","29","67.6","32.4","31.4","37.4","31.3","58","42","5.7","94.3","82","18","8.5","91.5","11.7","88.3","77.4","22.6","0","0","26.3","73.7","76.7","23.3","81.6","18.4","83.3","16.7","6.4","93.6","7.1","92.9","4.8","95.2","16.4","83.6","47.9","52.1","62.6","37.4","12.8","87.2"
"2010","217","37460","84.1","15.9","80.2","19.8","21.2","31.1","32.9","9.3","5.5","8.9","0.4","90.4","0.4","24.7","75.3","11.2","88.8","76.1","23.9","11.1","4.7","28.9","55.2","15.9","84.1","69.6","30.4","72.8","27.2","34.1","37.9","28","44.7","55.3","7.5","92.5","85.2","14.8","7.6","92.4","12.9","87.1","77.7","22.3","0","0","15.3","84.7","75.3","24.7","76.3","23.7","78.8","21.2","5.3","94.7","5.6","94.4","2.4","97.6","8.7","91.3","50","50","68.8","31.2","13.3","86.7"
"2010","283","37764","93.7","6.3","92.8","7.2","28.1","34.9","23.6","10.6","2.8","7.4","0.9","90.2","1.5","19.4","80.6","6.7","93.3","80.4","19.6","8.9","3.7","31.3","56.1","12.6","87.4","71.7","28.3","68.8","31.2","41","36.7","22.3","63.4","36.6","6.8","93.2","86.6","13.4","10.4","89.6","15.7","84.3","88","12","62.8","37.2","18.8","81.2","74.4","25.6","91.2","8.8","90.5","9.5","4.4","95.6","4.9","95.1","2.2","97.8","12.6","87.4","39.2","60.8","81.8","18.2","16.7","83.3"
"2010","218","37860","82.2","17.8","78.4","21.6","20.5","36","27.6","11.3","4.6","11.3","0.9","87.2","0.6","26.1","73.9","9.3","90.7","74.5","25.5","15.9","6.6","24.2","53.2","22.6","77.4","63.2","36.8","71.3","28.7","35.5","35","29.6","48","52","5.6","94.4","84.1","15.9","10.4","89.6","15","85","78.7","21.3","59.8","40.2","14.7","85.3","71.9","28.1","81.5","18.5","84.3","15.7","5.3","94.7","4.2","95.8","3.4","96.6","13","87","49.4","50.6","57","43","15.2","84.8"
"2010","67","37964","87.1","12.9","84.9","15.1","24","35.4","25.9","11","3.7","10.3","1.2","87.8","0.8","21.6","78.4","8.9","91.1","75.8","24.2","10.4","5.6","26.3","57.8","15.9","84.1","66.2","33.8","66.1","33.9","39.9","35.7","24.4","58.7","41.3","3.2","96.8","85.3","14.7","10.8","89.2","15.1","84.9","77","23","55.1","44.9","13.9","86.1","71.8","28.2","82.3","17.7","79.5","20.5","3.7","96.3","3.1","96.9","3","97","10.7","89.3","47.4","52.6","73.8","26.2","14.7","85.3"
"2010","68","38060","87.2","12.8","84.8","15.2","26.7","32.2","28","9.6","3.5","7.1","0.6","91.4","0.8","18.3","81.7","5.7","94.3","81.5","18.5","10.2","4.6","26.1","59.1","14.8","85.2","68.8","31.2","73.2","26.8","36","41.1","22.8","52.2","47.8","4.5","95.5","86.9","13.1","9.6","90.4","14.4","85.6","73.8","26.2","51.8","48.2","17.8","82.2","64.4","35.6","83.3","16.7","78.6","21.4","4.3","95.7","3.6","96.4","2.6","97.4","14.5","85.5","39.6","60.4","70","30","15.9","84.1"
"2010","69","38300","89.1","10.9","86.7","13.3","19.4","36.4","29.4","11.1","3.7","9.2","0.7","89","1.1","21.5","78.5","7.6","92.4","76.4","23.6","13.5","3.7","27.9","54.9","17.2","82.8","69.3","30.7","75.2","24.8","35","35.7","29.3","56.6","43.4","3.8","96.2","85.3","14.7","9.7","90.3","13.2","86.8","72.9","27.1","54","46","13.3","86.7","66.5","33.5","82","18","75.3","24.7","5.2","94.8","5","95","3.3","96.7","18.3","81.7","51.8","48.2","72.9","27.1","17.8","82.2"
"2010","70","38860","90.6","9.4","88.8","11.2","26.1","38.5","24","8.6","2.8","6.7","1.2","91","1.2","20.4","79.6","6.1","93.9","82.1","17.9","12.4","4.8","30","52.8","17.2","82.8","73.3","26.7","73.2","26.8","37.6","38.6","23.9","64.3","35.7","5.7","94.3","88.6","11.4","9.3","90.7","15","85","81.7","18.3","53.1","46.9","16.5","83.5","76.5","23.5","86.8","13.2","84.9","15.1","4","96","4.3","95.7","2.2","97.8","16.5","83.5","42.9","57.1","74.6","25.4","15.8","84.2"
"2010","71","38900","86.1","13.9","83.7","16.3","20.5","37.7","28.1","9.3","4.3","6.5","1","91.4","1","23.2","76.8","7.3","92.7","84.2","15.8","10.1","3.8","26.1","59.9","13.9","86.1","66.8","33.2","73.9","26.1","40.3","33.7","26","60.4","39.6","5.9","94.1","86.4","13.6","8.5","91.5","16.1","83.9","72.6","27.4","47.8","52.2","22","78","69.7","30.3","76.7","23.3","76.6","23.4","2.6","97.4","3.4","96.6","2.1","97.9","13.2","86.8","33.3","66.7","74.9","25.1","14.7","85.3"
"2010","219","38940","80.3","19.7","72.8","27.2","17.1","37.8","27.1","12.7","5.3","12.5","1","85.6","0.9","29.9","70.1","10.5","89.5","77.9","22.1","11","6.9","36.8","45.3","17.9","82.1","67.7","32.3","73.1","26.9","35.5","36.5","28","57.3","42.7","5.4","94.6","82","18","8.8","91.2","14.2","85.8","73.8","26.2","67.6","32.4","20.7","79.3","71.4","28.6","73.2","26.8","77","23","4.8","95.2","6.6","93.4","4.1","95.9","11.2","88.8","51.1","48.9","64.7","35.3","13.4","86.6"
"2010","72","39300","89.7","10.3","87.8","12.2","22.4","35.4","28.9","9.9","3.5","7.9","1.1","89.1","1.9","19.4","80.6","7.1","92.9","75.7","24.3","12.1","4.6","27.8","55.5","16.7","83.3","69.2","30.8","70","30","35.7","37.9","26.4","63.2","36.8","5.7","94.3","86.6","13.4","10.7","89.3","15.9","84.1","83.5","16.5","57.5","42.5","16.4","83.6","74.2","25.8","85.6","14.4","86","14","4.1","95.9","4.2","95.8","2.2","97.8","18","82","42.9","57.1","78.7","21.3","17.6","82.4"
"2010","140","39340","85.5","14.5","83.9","16.1","26.6","34.5","30.7","6.2","2","4.8","0.7","93.5","1","19.5","80.5","4.9","95.1","83.8","16.2","4.2","1.6","9.2","85.1","5.8","94.2","64.4","35.6","68","32","44.3","33.9","21.8","9.5","90.5","1.5","98.5","91.8","8.2","10.7","89.3","15.8","84.2","66.5","33.5","48.4","51.6","6.7","93.3","68.9","31.1","63.3","36.7","73.3","26.7","2.8","97.2","2.4","97.6","2.2","97.8","9.1","90.9","26.3","73.7","77.3","22.7","3.8","96.2"
"2010","115","39580","86.1","13.9","84.4","15.6","21.8","37.6","30.8","7.6","2.2","7.4","0.7","90.9","1","16.6","83.4","6.3","93.7","79.6","20.4","13","3.6","21.5","61.9","16.6","83.4","70.9","29.1","70.3","29.7","37.1","36","27","55.4","44.6","3.2","96.8","90.2","9.8","5.6","94.4","9.7","90.3","79.8","20.2","54.8","45.2","16.9","83.1","72.5","27.5","91","9","82","18","2.8","97.2","2.6","97.4","2","98","18","82","38.1","61.9","75.7","24.3","12","88"
"2010","73","39660","88.2","11.8","85.5","14.5","17.5","41.8","31.1","7.4","2.3","7.5","1.3","90.7","0.5","23.4","76.6","7.7","92.3","75.6","24.4","13.6","3.9","30.3","52.2","17.5","82.5","73.6","26.4","68.8","31.2","32.3","42.2","25.5","55.1","44.9","4.1","95.9","90.3","9.7","6.3","93.7","11","89","70.3","29.7","54.9","45.1","19.6","80.4","69.9","30.1","84.7","15.3","69.6","30.4","3.7","96.3","4.1","95.9","1.7","98.3","22.2","77.8","45.1","54.9","73.2","26.8","12.7","87.3"
"2010","74","39900","82.4","17.6","79.1","20.9","21.1","36.1","27.6","10.8","4.5","6.7","0.4","91.9","1","22.2","77.8","8.5","91.5","80.9","19.1","14","5.1","24.9","56","19.1","80.9","60","40","72.3","27.7","42.5","36.8","20.7","59","41","8.5","91.5","84.7","15.3","8.1","91.9","14.3","85.7","71.3","28.7","48.8","51.2","14","86","69.8","30.2","84.8","15.2","73.5","26.5","3.8","96.2","3.2","96.8","2","98","16.2","83.8","41.8","58.2","72.6","27.4","18.1","81.9"
"2010","75","40060","87.2","12.8","85","15","25.4","34.5","30.1","6.9","3","9.8","2.3","86.9","1","20.4","79.6","7.2","92.8","73.8","26.2","15.8","3.9","27.7","52.6","19.6","80.4","67.4","32.6","75.2","24.8","32.8","41.1","26.1","56.7","43.3","6.7","93.3","90.1","9.9","7","93","12","88","76.6","23.4","0","0","16.3","83.7","69.9","30.1","87.2","12.8","79.5","20.5","4.9","95.1","5.7","94.3","2.6","97.4","16","84","37.5","62.5","77.2","22.8","17.5","82.5"
"2010","169","40140","76.6","23.4","72.9","27.1","19.8","30.7","30.2","15.4","3.9","10.2","0.9","87.8","1.1","17.7","82.3","6.5","93.5","76.4","23.6","9.8","4.2","21.6","64.5","14","86","59.2","40.8","62","38","35.1","36.4","28.5","51","49","5.8","94.2","80.7","19.3","6.6","93.4","12.2","87.8","75.8","24.2","43.2","56.8","31.6","68.4","55.4","44.6","82.8","17.2","79.6","20.4","3.5","96.5","3.2","96.8","2.2","97.8","14.8","85.2","43.2","56.8","66","34","17.2","82.8"
"2010","170","40380","90.9","9.1","89.4","10.6","21.1","33.2","30.8","10.9","4","9.7","1.2","87.3","1.8","22.5","77.5","8","92","81","19","9.7","3.9","27.5","58.9","13.7","86.3","76.8","23.2","75.9","24.1","37.4","34.5","28.1","60.9","39.1","4.1","95.9","85.1","14.9","7.1","92.9","11.2","88.8","78.5","21.5","50.3","49.7","19.9","80.1","73.9","26.1","84.1","15.9","82.5","17.5","3.7","96.3","4.4","95.6","2.5","97.5","14.1","85.9","44.2","55.8","73","27","13","87"
"2010","76","40484","90.8","9.2","89.4","10.6","20.5","42.3","27.1","6.6","3.6","7.7","0.6","89.4","2.4","19","81","6.7","93.3","80.5","19.5","11.8","4.7","29.7","53.8","16.5","83.5","69.4","30.6","74.8","25.2","37.1","36.1","26.8","66.2","33.8","6.5","93.5","89.8","10.2","9.6","90.4","14.9","85.1","82.7","17.3","57","43","16.4","83.6","76.6","23.4","84.6","15.4","84.6","15.4","4","96","4.2","95.8","2.2","97.8","15.3","84.7","40","60","78.4","21.6","16.4","83.6"
"2010","141","40860","88.3","11.7","85.5","14.5","17.9","38.8","30.4","9.1","3.9","7.7","0.2","91.5","0.6","24.8","75.2","6.3","93.7","77.4","22.6","14.6","4.5","31.3","49.7","19","81","63.2","36.8","70.1","29.9","36.2","33.3","30.5","58.3","41.7","7.2","92.8","87.1","12.9","14.5","85.5","18.9","81.1","72.9","27.1","59.8","40.2","10.6","89.4","72.3","27.7","76.4","23.6","79.5","20.5","5.1","94.9","5","95","2.1","97.9","16.9","83.1","51.7","48.3","73","27","14.7","85.3"
"2010","285","40900","87.2","12.8","84.8","15.2","26.4","34.5","25.9","8.8","4.3","8.3","0.7","89.7","1.3","18.7","81.3","7","93","84.7","15.3","7.6","3.3","24.1","65","10.9","89.1","73.1","26.9","71.8","28.2","40.9","35.1","24","59.4","40.6","5.1","94.9","86.9","13.1","8.6","91.4","14.4","85.6","81.1","18.9","46","54","32.2","67.8","70.9","29.1","82.5","17.5","85.5","14.5","3.3","96.7","3.7","96.3","2.8","97.2","11","89","36.8","63.2","74.1","25.9","14.3","85.7"
"2010","77","41180","86.4","13.6","83.6","16.4","19.6","35.1","31.7","9.9","3.7","8.5","1.8","88.6","1.1","22.1","77.9","9.2","90.8","74.5","25.5","14.2","3.6","22.6","59.6","17.8","82.2","72.8","27.2","72.4","27.6","36.2","33.9","29.8","55.8","44.2","6.1","93.9","86.4","13.6","9.4","90.6","13.5","86.5","75.3","24.7","60.5","39.5","10.8","89.2","69.3","30.7","84.2","15.8","77.3","22.7","3.5","96.5","3.9","96.1","3","97","12","88","42.8","57.2","70.6","29.4","18","82"
"2010","78","41620","83.1","16.9","80.7","19.3","25.4","34.3","28","9.7","2.6","6.6","0.8","91.3","1.3","19.4","80.6","5.3","94.7","81.7","18.3","7.4","3.3","16.3","73","10.8","89.2","70.2","29.8","73.6","26.4","41.8","34.6","23.6","34.2","65.8","4","96","87.7","12.3","10.1","89.9","15.8","84.2","66.7","33.3","49.9","50.1","8.9","91.1","71.5","28.5","78.8","21.2","72.2","27.8","2.5","97.5","2.8","97.2","2.2","97.8","14.2","85.8","34.4","65.6","72.7","27.3","11.4","88.6"
"2010","142","41700","82.8","17.2","80.1","19.9","24.7","28.5","30.7","12.2","3.9","9.2","0.9","89.1","0.8","17.7","82.3","9","91","73.5","26.5","11","6.1","21.1","61.9","17","83","67.6","32.4","71.4","28.6","36.7","33.5","29.8","57.4","42.6","8.2","91.8","83.9","16.1","6.1","93.9","11.5","88.5","70.1","29.9","53.6","46.4","13.9","86.1","67.7","32.3","72.6","27.4","72.9","27.1","4","96","4","96","2.2","97.8","15.3","84.7","41.7","58.3","68.6","31.4","19.4","80.6"
"2010","172","41740","82.3","17.7","79.3","20.7","24.5","33.1","28","10.4","4","8.9","2.4","87.4","1.3","17.5","82.5","6.1","93.9","81","19","7.8","5.2","23.6","63.4","13","87","62.2","37.8","62.8","37.2","41.2","32.8","26.1","58.5","41.5","7.3","92.7","85.6","14.4","7.7","92.3","13.5","86.5","77.5","22.5","51.7","48.3","33.5","66.5","64.5","35.5","85.9","14.1","79.7","20.3","3.1","96.9","4.1","95.9","2.8","97.2","8.3","91.7","38.8","61.2","74.1","25.9","17.7","82.3"
"2010","116","41860","90.7","9.3","89.1","10.9","25.2","34.7","25.5","11.6","3","7.1","1.5","88.6","2.8","19","81","7.4","92.6","82.6","17.4","6.1","3.4","25.1","65.4","9.5","90.5","63.1","36.9","57.2","42.8","44.8","36.9","18.2","59.8","40.2","6.1","93.9","85.4","14.6","8.2","91.8","14.3","85.7","81.5","18.5","44.4","55.6","34.5","65.5","67.6","32.4","80.3","19.7","84.8","15.2","2.7","97.3","3","97","2.1","97.9","6.1","93.9","39","61","76","24","14","86"
"2010","287","41940","89.4","10.6","87.6","12.4","24.7","31.8","28.7","11.5","3.3","8.6","0.8","88","2.6","16.8","83.2","7.2","92.8","83","17","5.1","2.9","20.1","71.8","8","92","69","31","74","26","39.7","39.1","21.2","51.3","48.7","4","96","85.2","14.8","7","93","11.9","88.1","82","18","40.3","59.7","33.8","66.2","63.5","36.5","83.5","16.5","84.8","15.2","2.8","97.2","3.2","96.8","2.7","97.3","4.8","95.2","43.6","56.4","79.2","20.8","11","89"
"2010","173","42044","84.3","15.7","81.5","18.5","23.5","30.9","30.1","12.6","2.9","8.1","1.7","88.6","1.6","14.4","85.6","6.3","93.7","78.9","21.1","5.2","3.8","23.3","67.7","9","91","68.2","31.8","61.3","38.7","43.1","36.3","20.7","54.2","45.8","4.3","95.7","84.5","15.5","6.5","93.5","10.4","89.6","81","19","54.1","45.9","24.4","75.6","64.8","35.2","78.1","21.9","84.2","15.8","2.6","97.4","3.3","96.7","3","97","8","92","36.9","63.1","72.2","27.8","14.9","85.1"
"2010","143","42140","79.3","20.7","75.1","24.9","23.9","32.8","28.1","11.7","3.6","6","0.3","93","0.6","22.2","77.8","8.6","91.4","82.1","17.9","13.5","6.4","28.6","51.6","19.8","80.2","67.2","32.8","65.7","34.3","46.3","32.9","20.8","60.6","39.4","7.8","92.2","84.8","15.2","9.2","90.8","14.9","85.1","71.8","28.2","50","50","12.3","87.7","68.4","31.6","83.2","16.8","78.9","21.1","2.5","97.5","2.8","97.2","1.8","98.2","13.1","86.9","42.1","57.9","69.2","30.8","13.8","86.2"
"2010","144","42420","88.5","11.5","85","15","19.8","30","35.7","9.8","4.7","9.4","0.4","89.5","0.7","18.3","81.7","6.9","93.1","72.5","27.5","14","6.7","23.9","55.4","20.7","79.3","66.8","33.2","64.3","35.7","27.9","39.1","33","45.5","54.5","2.5","97.5","85.5","14.5","5.8","94.2","7.5","92.5","66.5","33.5","47.4","52.6","13.3","86.7","51.8","48.2","73","27","69.5","30.5","5.8","94.2","4.5","95.5","3.2","96.8","23.3","76.7","45.9","54.1","61.4","38.6","11.9","88.1"
"2010","174","42540","87.7","12.3","84.4","15.6","19.2","30.6","32.4","12.6","5.2","10","0.3","88.6","1.2","26.3","73.7","8.6","91.4","67.2","32.8","19.3","5","29","46.6","24.3","75.7","64.8","35.2","62.1","37.9","35.9","35.7","28.4","57.7","42.3","7.3","92.7","82.1","17.9","8.6","91.4","10.6","89.4","72.8","27.2","57","43","15.2","84.8","68.4","31.6","72","28","74.3","25.7","5.4","94.6","7.9","92.1","3","97","22.7","77.3","57.5","42.5","69.9","30.1","21.4","78.6"
"2010","79","42580","87.9","12.1","84.2","15.8","19.1","34.6","32.6","10.4","3.4","11.6","0.3","86.5","1.6","20.6","79.4","9","91","74.2","25.8","14.1","5.1","30.9","50","19.1","80.9","68.4","31.6","73.6","26.4","30.5","37.7","31.8","53","47","5.6","94.4","86.3","13.7","10.8","89.2","16.1","83.9","82.9","17.1","61.8","38.2","23.8","76.2","74.5","25.5","86.4","13.6","85.3","14.7","6.2","93.8","6.8","93.2","3.7","96.3","18.6","81.4","54.9","45.1","69","31","16.8","83.2"
"2010","80","42644","85.9","14.1","83.7","16.3","22.8","36.5","29.3","8.5","2.9","6.4","0.9","91.6","1","22.3","77.7","7","93","83.4","16.6","9","3.9","24.6","62.4","12.9","87.1","70.8","29.2","70.8","29.2","42.3","34.9","22.8","63.8","36.2","6.1","93.9","88.6","11.4","8.9","91.1","15.2","84.8","76.6","23.4","43.9","56.1","20.9","79.1","71.4","28.6","82.6","17.4","79.2","20.8","2.5","97.5","2.8","97.2","1.9","98.1","9.3","90.7","32.9","67.1","76","24","16.9","83.1"
"2010","222","42700","79.8","20.2","67.3","32.7","12.6","29.3","33.1","16.9","8.1","14.1","0.3","84.7","1","28.9","71.1","11.3","88.7","71.1","28.9","18","2.5","30.8","48.7","20.5","79.5","68.7","31.3","66.9","33.1","35.5","35","29.4","41.2","58.8","7.1","92.9","75","25","9.1","90.9","17.1","82.9","72","28","0","0","22.1","77.9","73","27","78.4","21.6","78.6","21.4","7.8","92.2","9.9","90.1","4","96","17","83","60","40","59.7","40.3","11.5","88.5"
"2010","117","43340","77.6","22.4","73.5","26.5","16.1","32.5","30.7","15.1","5.6","10","0.7","87.8","1.5","22.8","77.2","8.1","91.9","65.9","34.1","19","8","21.3","51.7","27","73","64.2","35.8","68.2","31.8","33.2","36.3","30.4","42.9","57.1","3","97","79.3","20.7","7.5","92.5","12.3","87.7","73.6","26.4","55.9","44.1","15.6","84.4","61.4","38.6","82.1","17.9","77.3","22.7","7","93","6.9","93.1","4.7","95.3","24.2","75.8","55.8","44.2","62.7","37.3","14.5","85.5"
"2010","223","43580","86.4","13.6","83.6","16.4","18.4","38.3","30.7","8.5","4.1","7.3","0.8","90.6","1.4","18.9","81.1","6.1","93.9","71.8","28.2","14","4.1","27.2","54.6","18.1","81.9","66.3","33.7","61.9","38.1","32.6","35.7","31.7","52.1","47.9","5.1","94.9","87.3","12.7","5.7","94.3","9.8","90.2","76.3","23.7","57.7","42.3","11.2","88.8","58.9","41.1","0","0","75.5","24.5","4.1","95.9","3.3","96.7","1.6","98.4","19.2","80.8","44.7","55.3","71.7","28.3","18.1","81.9"
"2010","81","43620","93.4","6.6","92.3","7.7","19.8","45.4","26.5","6.7","1.6","5.1","1.7","92.6","0.6","17.4","82.6","5.4","94.6","78.6","21.4","8.1","3.6","27.6","60.7","11.7","88.3","73.2","26.8","70.9","29.1","33.3","39.9","26.8","65.3","34.7","6.4","93.6","91.7","8.3","6.8","93.2","10.1","89.9","83.2","16.8","60.2","39.8","11.1","88.9","74.8","25.2","87.6","12.4","85.7","14.3","3.3","96.7","4.2","95.8","1.8","98.2","18","82","34.4","65.6","79.7","20.3","19","81"
"2010","118","44060","86","14","83.2","16.8","20.3","35.4","30.6","10.6","3.2","8.3","0.6","90.3","0.8","30.6","69.4","8.4","91.6","81.7","18.3","12.5","4.1","26.6","56.8","16.6","83.4","66.5","33.5","73.5","26.5","35.9","39.7","24.5","57.7","42.3","5.5","94.5","86.2","13.8","12.5","87.5","18.2","81.8","74","26","50.2","49.8","22","78","70.8","29.2","77","23","79.5","20.5","3.4","96.6","3.3","96.7","2.8","97.2","11.8","88.2","36.5","63.5","72.2","27.8","14.9","85.1"
"2010","82","44140","94","6","92.9","7.1","23.4","36.8","28","8.9","2.9","7.7","0.7","90.6","1.1","20.9","79.1","7.8","92.2","79.5","20.5","13.5","4.8","29.1","52.6","18.3","81.7","70.3","29.7","71.4","28.6","41.2","35","23.8","64.9","35.1","9.2","90.8","88.2","11.8","12.3","87.7","19","81","82.5","17.5","54.2","45.8","17.8","82.2","74.1","25.9","78.7","21.3","86.5","13.5","3.7","96.3","4.8","95.2","2.2","97.8","16.9","83.1","39.5","60.5","80.1","19.9","19.5","80.5"
"2010","84","45104","87.7","12.3","85.8","14.2","20.1","33.3","30.7","11.9","3.9","9.5","0.6","89","1","27.2","72.8","8.6","91.4","80.4","19.6","12.1","4.7","23.9","59.3","16.8","83.2","72.6","27.4","73.4","26.6","32.3","36.5","31.2","56","44","5.4","94.6","84.2","15.8","10.4","89.6","16.3","83.7","74.2","25.8","53","47","20.2","79.8","73.4","26.6","86.6","13.4","78.9","21.1","4.1","95.9","3.6","96.4","3.1","96.9","13.2","86.8","38.9","61.1","72.4","27.6","14.2","85.8"
"2010","224","45220","84.8","15.2","82.7","17.3","19.3","35.2","29.4","12.7","3.4","11.6","0.8","87","0.7","21.7","78.3","8.4","91.6","77.9","22.1","12.2","5","19.8","63.1","17.1","82.9","65.8","34.2","68.7","31.3","33.6","39.9","26.5","48.6","51.4","3.5","96.5","83.9","16.1","8","92","14.1","85.9","82","18","60.9","39.1","51.3","48.7","76.3","23.7","87","13","83.8","16.2","2.4","97.6","3","97","2.5","97.5","11.3","88.7","45.4","54.6","65.4","34.6","13.7","86.3"
"2010","85","45300","85.2","14.8","80.9","19.1","18.3","32.7","31.9","12.4","4.8","11.9","1.1","86.1","0.9","26.1","73.9","11","89","77.9","22.1","14.3","6.2","32","47.5","20.5","79.5","63.4","36.6","68.3","31.7","35.5","38.2","26.3","56.8","43.2","5.3","94.7","82.8","17.2","9.4","90.6","14.5","85.5","77.6","22.4","68.3","31.7","25.8","74.2","68","32","79.3","20.7","80.8","19.2","5.5","94.5","5.8","94.2","3.4","96.6","17.5","82.5","56.9","43.1","66.1","33.9","16.1","83.9"
"2010","86","45780","87.8","12.2","85.9","14.1","17.9","33.6","32","12.4","4","9.7","0.9","86.8","2.5","22.5","77.5","10","90","75.3","24.7","16.5","4.7","22.9","55.9","21.2","78.8","61","39","58.2","41.8","31.1","38.6","30.3","57.9","42.1","3.3","96.7","83.5","16.5","12.1","87.9","18.4","81.6","79.2","20.8","53.4","46.6","12.9","87.1","64.6","35.4","87.1","12.9","80.9","19.1","4.2","95.8","3.7","96.3","3.2","96.8","13.8","86.2","39.6","60.4","76","24","17.1","82.9"
"2010","87","45820","87.9","12.1","85","15","16.4","38.9","28.6","12.3","3.9","9.6","0.9","88.7","0.9","23.3","76.7","8.9","91.1","77.7","22.3","11","6.5","29.2","53.3","17.4","82.6","74.8","25.2","74","26","28.9","35","36.1","53.6","46.4","4.6","95.4","83.9","16.1","7.4","92.6","13.1","86.9","78.8","21.2","61.4","38.6","17.7","82.3","72.1","27.9","90.9","9.1","80.1","19.9","3.8","96.2","5.2","94.8","3","97","16.9","83.1","46.1","53.9","74.3","25.7","16.5","83.5"
"2010","119","45940","93.8","6.2","92.8","7.2","21.7","39.8","25.5","9.7","3.3","10","1.1","87.4","1.6","15.9","84.1","4.7","95.3","75.2","24.8","10.1","1.5","23.7","64.8","11.5","88.5","67.4","32.6","64.4","35.6","43.3","33.6","23.1","60.4","39.6","2.5","97.5","87","13","7.4","92.6","10.2","89.8","83.1","16.9","0","0","18","82","69.1","30.9","89","11","90.1","9.9","3.1","96.9","3.3","96.7","1.9","98.1","15.2","84.8","39.7","60.3","80.2","19.8","14.1","85.9"
"2010","88","46060","86.6","13.4","83.3","16.7","20.5","29","34.8","10","5.7","8","1","89.4","1.6","27.5","72.5","9.1","90.9","79.7","20.3","10","5.5","25.3","59.2","15.5","84.5","69.1","30.9","75.3","24.7","41.6","31.8","26.6","53.8","46.2","8","92","84.4","15.6","12.5","87.5","19.1","80.9","78.5","21.5","56.2","43.8","18","82","71.1","28.9","84.9","15.1","79.6","20.4","3.7","96.3","4.4","95.6","4.1","95.9","7.1","92.9","39.7","60.3","67.7","32.3","16.8","83.2"
"2010","89","46140","80.2","19.8","76.1","23.9","18.2","30.7","30.6","14.3","6.2","10.9","1.5","86.6","1","25.1","74.9","9.2","90.8","70.8","29.2","18.2","6.1","23.8","51.9","24.3","75.7","73.3","26.7","74.1","25.9","33.6","36.3","30.1","42.7","57.3","3.1","96.9","79.5","20.5","9.2","90.8","14.7","85.3","67.9","32.1","46.4","53.6","19.8","80.2","59.2","40.8","77.2","22.8","71.7","28.3","5.7","94.3","5","95","3.6","96.4","20.8","79.2","48.4","51.6","56.6","43.4","14.4","85.6"
"2010","225","46220","79.8","20.2","76.4","23.6","19.8","27.9","34","14","4.3","9.3","2.7","86.1","2","25.7","74.3","12","88","69","31","16","12.6","20.2","51.2","28.5","71.5","59.5","40.5","56.7","43.3","30.8","38","31.2","37.3","62.7","5.2","94.8","81.7","18.3","5.4","94.6","8.4","91.6","81.8","18.2","0","0","18.4","81.6","60.6","39.4","85.3","14.7","83.3","16.7","4.1","95.9","2.5","97.5","6","94","27.9","72.1","51.8","48.2","60.8","39.2","13.4","86.6"
"2010","302","46300","77.3","22.7","71.7","28.3","17.4","36.1","31.7","10.6","4.2","8.3","1.3","90","0.4","20.8","79.2","8.8","91.2","74.6","25.4","11.3","2.7","26.2","59.8","14","86","64","36","75.9","24.1","35.7","33.2","31.1","36.5","63.5","4","96","85.2","14.8","7.6","92.4","11.3","88.7","62.9","37.1","58.3","41.7","15.3","84.7","53.8","46.2","79.5","20.5","64.7","35.3","5.3","94.7","4.4","95.6","3.5","96.5","19.1","80.9","42.7","57.3","69","31","11.1","88.9"
"2010","289","46340","76.3","23.7","70.6","29.4","20.9","31.7","33.1","8","6.3","8.2","0.5","90","1.3","19.9","80.1","8.5","91.5","74","26","17.6","4.3","20.5","57.6","21.9","78.1","65","35","72.8","27.2","39.5","35.2","25.3","38.7","61.3","5.1","94.9","85.7","14.3","9.7","90.3","14.8","85.2","78.6","21.4","59.4","40.6","20.3","79.7","75.2","24.8","73.6","26.4","79.8","20.2","4.8","95.2","4.8","95.2","4.8","95.2","13.2","86.8","46.5","53.5","67.4","32.6","10.4","89.6"
"2010","90","47260","85.7","14.3","83.2","16.8","25.4","32.9","27.4","10.1","4.2","8.5","0.5","90.1","0.9","20.5","79.5","8.8","91.2","77.2","22.8","15.9","6","24.6","53.6","21.8","78.2","68.9","31.1","68.7","31.3","37.8","32","30.3","60.2","39.8","5.2","94.8","85.6","14.4","7.9","92.1","11.9","88.1","82","18","54.8","45.2","13.4","86.6","74.9","25.1","86.7","13.3","83.2","16.8","3.5","96.5","3.7","96.3","3.9","96.1","13.6","86.4","36.1","63.9","75.4","24.6","19.9","80.1"
"2010","91","47644","88.4","11.6","86.2","13.8","21.1","38.9","29.1","8.1","2.8","11.2","0.2","87.5","1.1","21.1","78.9","6.6","93.4","80.6","19.4","11.1","3.8","24.7","60.4","15","85","67.1","32.9","65.3","34.7","34.4","35.2","30.4","62.2","37.8","5.4","94.6","89.1","10.9","9.6","90.4","16.2","83.8","78.6","21.4","61.7","38.3","19.5","80.5","73.4","26.6","81.8","18.2","83.4","16.6","4.7","95.3","4.5","95.5","2.2","97.8","8.5","91.5","34.9","65.1","79.4","20.6","15.6","84.4"
"2010","92","47894","91.3","8.7","90","10","25.9","32.8","29.7","9.1","2.5","8.7","0.3","90.1","1","16.1","83.9","6.2","93.8","80.7","19.3","9.7","3.3","21.7","65.3","13","87","68.3","31.7","69.4","30.6","37.8","37","25.2","55.8","44.2","5","95","88.4","11.6","10.2","89.8","14.7","85.3","81.2","18.8","58.1","41.9","22.9","77.1","72.7","27.3","86.4","13.6","83.3","16.7","2","98","2.9","97.1","1.5","98.5","10.7","89.3","35.1","64.9","80.9","19.1","14.5","85.5"
"2010","226","48100","67","33","60.8","39.2","17.7","26.8","31.6","18.3","5.5","15.4","0.6","81.8","2.2","20.3","79.7","6","94","72.8","27.2","10","6","16.7","67.3","16","84","66.8","33.2","64.8","35.2","17.6","40.6","41.8","42.5","57.5","7.9","92.1","76.2","23.8","7.9","92.1","11","89","64.5","35.5","0","0","18.1","81.9","57.4","42.6","0","0","69","31","4.1","95.9","4.9","95.1","2.5","97.5","14","86","57.4","42.6","53.8","46.2","11","89"
"2010","227","48424","89.5","10.5","85.2","14.8","23.8","34.4","26.9","10.7","4.2","9.7","1","88.5","0.7","19.5","80.5","7.7","92.3","77.4","22.6","6.3","2.5","33.3","57.9","8.8","91.2","73.7","26.3","74.4","25.6","39.9","40.1","20","59.5","40.5","6.3","93.7","85","15","7.1","92.9","13.8","86.2","84.5","15.5","72.5","27.5","26.1","73.9","73.4","26.6","74.3","25.7","86.3","13.7","4.1","95.9","5","95","1.6","98.4","6","94","52.4","47.6","74","26","11.6","88.4"
"2010","93","48620","87.8","12.2","85.4","14.6","20.2","35.5","29.7","11.6","3","7.8","1","89.9","1.3","21.3","78.7","8.3","91.7","77.4","22.6","13.2","5.6","23.7","57.6","18.8","81.2","70.4","29.6","68.4","31.6","38.5","34.4","27.1","51.7","48.3","2.8","97.2","85.4","14.6","10.5","89.5","14.9","85.1","77.9","22.1","57.6","42.4","20.1","79.9","68.1","31.9","80.5","19.5","81.7","18.3","3.9","96.1","4","96","3.1","96.9","13","87","41.8","58.2","75.4","24.6","15.5","84.5"
"2010","290","48660","77.1","22.9","72.2","27.8","19","31.4","30.6","13.4","5.7","10.4","1.1","88.1","0.3","25","75","7.8","92.2","71.4","28.6","15.5","4.8","20.4","59.3","20.3","79.7","71.2","28.8","73.1","26.9","32.9","39.2","27.9","40.8","59.2","3.1","96.9","80.9","19.1","9.8","90.2","13.5","86.5","74.5","25.5","61.3","38.7","13.1","86.9","64","36","74.8","25.2","78","22","7.1","92.9","4.5","95.5","3.4","96.6","15","85","41.9","58.1","65.2","34.8","12.1","87.9"
"2010","95","48864","90.2","9.8","88.5","11.5","21.6","36.1","28.9","10.1","3.3","8.2","1.2","89.3","1.2","21.8","78.2","7.6","92.4","76.5","23.5","13.3","4.8","26.3","55.6","18.1","81.9","64","36","63","37","35.5","34.2","30.4","60.4","39.6","6","94","86.6","13.4","9.6","90.4","14.6","85.4","80.1","19.9","55.4","44.6","13.3","86.7","71.2","28.8","81.7","18.3","80.9","19.1","3.5","96.5","3.7","96.3","2.9","97.1","16.8","83.2","39.3","60.7","75.8","24.2","19.2","80.8"
"2010","97","49340","95.9","4.1","95.1","4.9","24.7","34.5","28.4","8.4","4","8.3","0.7","89.9","1","19.7","80.3","8","92","81","19","12.1","3.5","29.1","55.3","15.6","84.4","71","29","73.5","26.5","39.1","35.8","25.2","66","34","6.3","93.7","87.7","12.3","14","86","19.4","80.6","82.7","17.3","55.6","44.4","23.6","76.4","76.2","23.8","83.6","16.4","86.2","13.8","4.2","95.8","4.7","95.3","2.1","97.9","20.6","79.4","38.6","61.4","80.4","19.6","21.2","78.8"
"2010","121","49420","78.1","21.9","74","26","14.2","31.2","33.5","15.4","5.7","9.9","0.6","87.8","1.7","23.3","76.7","8.2","91.8","74.9","25.1","10.6","4.3","22.9","62.2","14.9","85.1","68.5","31.5","72.3","27.7","31.6","37","31.4","46.2","53.8","4.1","95.9","78.9","21.1","7.8","92.2","13.3","86.7","74.4","25.6","53","47","17.2","82.8","60.6","39.4","80.2","19.8","77.8","22.2","3.3","96.7","3.4","96.6","2.8","97.2","14.2","85.8","46","54","69.3","30.7","13.5","86.5"
"2010","98","49660","87.1","12.9","83.8","16.2","15.1","31.8","36.9","11.9","4.3","9.1","1.3","88.3","1.3","20.1","79.9","7","93","73.6","26.4","19.9","6.7","24.4","49.1","26.5","73.5","58.9","41.1","61.8","38.2","29.7","35.5","34.8","51.9","48.1","4.3","95.7","83.8","16.2","8.4","91.6","11.4","88.6","72.9","27.1","62.2","37.8","21.1","78.9","59.7","40.3","81.3","18.7","75.8","24.2","5.3","94.7","4.3","95.7","3.2","96.8","20.2","79.8","52.5","47.5","67.8","32.2","16.5","83.5"
